insert into categories(category_name) values ('Electronics'),
('Clothing'),
('Books'),
('Beauty Products'),
('Automobiles'),
('Video Games'),
('Home & Kitchen'),
('Toys & Games'),
('Health & Household'),
('Pet Supplies'),
('Sports & Outdoors'),
('Tools & Home Improvement'),
('Arts, Crafts & Sewing'),
('Baby'),
('Garden & Outdoor'),
('Musical Instruments'),
('Office Products'),
('Software'),
('Collectibles & Fine Art'),
('Industrial & Scientific'),
('Handmade');

insert into subcategories(category_id, subcategory_name) values ((select category_id from categories where category_name = 'Electronics'), 'Computers'),
((select category_id from categories where category_name = 'Electronics'), 'Smartphones'),
((select category_id from categories where category_name = 'Electronics'), 'Accessories'),
((select category_id from categories where category_name = 'Electronics'), 'Televisions & Home Theater'),
((select category_id from categories where category_name = 'Electronics'), 'Cameras & Photography'),
((select category_id from categories where category_name = 'Electronics'), 'Wearable Technology'),
((select category_id from categories where category_name = 'Clothing'), 'Women''s Fashion'),
((select category_id from categories where category_name = 'Clothing'), 'Men''s Fashion'),
((select category_id from categories where category_name = 'Clothing'), 'Kids'' Fashion'),
((select category_id from categories where category_name = 'Clothing'), 'Footwear'),
((select category_id from categories where category_name = 'Books'), 'Fiction'),
((select category_id from categories where category_name = 'Books'), 'Non-Fiction'),
((select category_id from categories where category_name = 'Books'), 'Children''s Books'),
((select category_id from categories where category_name = 'Beauty Products'), 'Skincare'),
((select category_id from categories where category_name = 'Beauty Products'), 'Makeup'),
((select category_id from categories where category_name = 'Beauty Products'), 'Haircare'),
((select category_id from categories where category_name = 'Automobiles'), 'Car Parts & Accessories'),
((select category_id from categories where category_name = 'Automobiles'), 'Motorcycles'),
((select category_id from categories where category_name = 'Video Games'), 'PC Games'),
((select category_id from categories where category_name = 'Video Games'), 'PlayStation Games'),
((select category_id from categories where category_name = 'Video Games'), 'Xbox Games'),
((select category_id from categories where category_name = 'Home & Kitchen'), 'Kitchen Appliances'),
((select category_id from categories where category_name = 'Home & Kitchen'), 'Home Decor'),
((select category_id from categories where category_name = 'Home & Kitchen'), 'Furniture'),
((select category_id from categories where category_name = 'Toys & Games'), 'Action Figures'),
((select category_id from categories where category_name = 'Toys & Games'), 'Board Games'),
((select category_id from categories where category_name = 'Health & Household'), 'Vitamins & Supplements'),
((select category_id from categories where category_name = 'Health & Household'), 'Household Cleaners'),
((select category_id from categories where category_name = 'Pet Supplies'), 'Dog Supplies'),
((select category_id from categories where category_name = 'Pet Supplies'), 'Cat Supplies'),
((select category_id from categories where category_name = 'Sports & Outdoors'), 'Fitness Equipment'),
((select category_id from categories where category_name = 'Sports & Outdoors'), 'Camping & Hiking'),
((select category_id from categories where category_name = 'Tools & Home Improvement'), 'Power Tools'),
((select category_id from categories where category_name = 'Tools & Home Improvement'), 'Hand Tools'),
((select category_id from categories where category_name = 'Arts, Crafts & Sewing'), 'Painting & Drawing'),
((select category_id from categories where category_name = 'Arts, Crafts & Sewing'), 'Sewing & Fabric'),
((select category_id from categories where category_name = 'Baby'), 'Diapering'),
((select category_id from categories where category_name = 'Baby'), 'Feeding'),
((select category_id from categories where category_name = 'Garden & Outdoor'), 'Gardening Tools'),
((select category_id from categories where category_name = 'Garden & Outdoor'), 'Outdoor Decor'),
((select category_id from categories where category_name = 'Musical Instruments'), 'Guitars'),
((select category_id from categories where category_name = 'Musical Instruments'), 'Keyboards'),
((select category_id from categories where category_name = 'Office Products'), 'Office Electronics'),
((select category_id from categories where category_name = 'Office Products'), 'Office Furniture'),
((select category_id from categories where category_name = 'Software'), 'Operating Systems'),
((select category_id from categories where category_name = 'Software'), 'Productivity Software'),
((select category_id from categories where category_name = 'Collectibles & Fine Art'), 'Coins & Paper Money'),
((select category_id from categories where category_name = 'Collectibles & Fine Art'), 'Stamps'),
((select category_id from categories where category_name = 'Industrial & Scientific'), 'Lab & Scientific Products'),
((select category_id from categories where category_name = 'Industrial & Scientific'), 'Safety & Security'),
((select category_id from categories where category_name = 'Handmade'), 'Handmade Jewelry'),
((select category_id from categories where category_name = 'Handmade'), 'Handmade Home Decor');

-- Fake data for users
insert into users (user_id, first_name, last_name, email, phone, dob, country, is_customer, is_vendor) values
('a0eebc99-9c0b-4ef8-bb6d-6bb9bd380a11', 'John', 'Doe', 'john.doe@example.com', '+2348012345678', '1990-01-15', 'Nigeria', true, true),
('b0eebc99-9c0b-4ef8-bb6d-6bb9bd380a22', 'Jane', 'Smith', 'jane.smith@example.com', '+2348023456789', '1985-05-20', 'Nigeria', true, false),
('c0eebc99-9c0b-4ef8-bb6d-6bb9bd380a33', 'Peter', 'Jones', 'peter.jones@example.com', '+2348034567890', '1992-11-01', 'Nigeria', false, true),
('d0eebc99-9c0b-4ef8-bb6d-6bb9bd380a44', 'Alice', 'Brown', 'alice.brown@example.com', '+2348045678901', '1988-03-25', 'Nigeria', true, false),
('e0eebc99-9c0b-4ef8-bb6d-6bb9bd380a55', 'Bob', 'White', 'bob.white@example.com', '+2348056789012', '1995-07-10', 'Nigeria', false, true),
('f1eebc99-9c0b-4ef8-bb6d-6bb9bd380a66', 'Maria', 'Garcia', 'maria.garcia@example.com', '+34600112233', '1991-08-22', 'Spain', true, false),
('a2eebc99-9c0b-4ef8-bb6d-6bb9bd380a77', 'Kenji', 'Tanaka', 'kenji.tanaka@example.com', '+819012345678', '1987-02-11', 'Japan', true, true),
('e3eebc99-9c0b-4ef8-bb6d-6bb9bd380a88', 'Sophie', 'Dubois', 'sophie.dubois@example.com', '+33612345678', '1993-04-03', 'France', false, true),
('14eebc99-9c0b-4ef8-bb6d-6bb9bd380a99', 'Carlos', 'Silva', 'carlos.silva@example.com', '+5511987654321', '1980-12-30', 'Brazil', true, false),
('45eebc99-9c0b-4ef8-bb6d-6bb9bd380b00', 'Emily', 'Clark', 'emily.clark@example.com', '+447123456789', '1998-06-05', 'United Kingdom', true, true);

-- Fake data for stores
insert into stores (store_name, custom_domain, vendor_id) values
('John''s Gadgets', 'gadgets.example.com', 'a0eebc99-9c0b-4ef8-bb6d-6bb9bd380a11'),
('Peter''s Picks', null, 'c0eebc99-9c0b-4ef8-bb6d-6bb9bd380a33'),
('Bob''s Bargains', 'bargains.example.com', 'e0eebc99-9c0b-4ef8-bb6d-6bb9bd380a55'),
('Kenji''s Tech', 'kenjitech.example.com', 'a2eebc99-9c0b-4ef8-bb6d-6bb9bd380a77'),
('Sophie''s Boutique', null, 'e3eebc99-9c0b-4ef8-bb6d-6bb9bd380a88'),
('Emily''s Emporium', 'emilysemp.example.com', '45eebc99-9c0b-4ef8-bb6d-6bb9bd380b00'),
('Global Goods', 'globalgoods.example.com', '11eebc99-9c0b-4ef8-bb6d-6bb9bd380c11'),
('Artisan Alley', null, '22eebc99-9c0b-4ef8-bb6d-6bb9bd380d22'),
('Tech Haven', 'techhaven.example.com', '33eebc99-9c0b-4ef8-bb6d-6bb9bd380e33'),
('Fashion Forward', null, '44eebc99-9c0b-4ef8-bb6d-6bb9bd380f44');

-- Fake data for products
insert into products (title, description, list_price, net_price, vendor_id, store_id, category_id, subcategory_id, quantity_available) values
('Laptop Pro X', '{"16GB RAM", "512GB SSD", "Intel i7"}', 1200.00, 1100.00, 'a0eebc99-9c0b-4ef8-bb6d-6bb9bd380a11', (select store_id from stores where store_name = 'John''s Gadgets'), (select category_id from categories where category_name = 'Electronics'), (select subcategory_id from subcategories where subcategory_name = 'Computers'), 50),
('Smartphone Ultra', '{"6.7 inch display", "128GB storage", "Dual Camera"}', 800.00, 750.00, 'a0eebc99-9c0b-4ef8-bb6d-6bb9bd380a11', (select store_id from stores where store_name = 'John''s Gadgets'), (select category_id from categories where category_name = 'Electronics'), (select subcategory_id from subcategories where subcategory_name = 'Smartphones'), 120),
('Wireless Headphones', '{"Noise Cancelling", "20-hour battery life"}', 150.00, 130.00, 'a0eebc99-9c0b-4ef8-bb6d-6bb9bd380a11', (select store_id from stores where store_name = 'John''s Gadgets'), (select category_id from categories where category_name = 'Electronics'), (select subcategory_id from subcategories where subcategory_name = 'Accessories'), 200),
('Classic Leather Jacket', '{"Genuine Leather", "Black"}', 250.00, 220.00, 'c0eebc99-9c0b-4ef8-bb6d-6bb9bd380a33', (select store_id from stores where store_name = 'Peter''s Picks'), (select category_id from categories where category_name = 'Clothing'), (select subcategory_id from subcategories where subcategory_name = 'Men''s Fashion'), 30),
('Fantasy Novel Set', '{"J.R.R. Tolkien", "Fantasy"}', 75.00, 65.00, 'c0eebc99-9c0b-4ef8-bb6d-6bb9bd380a33', (select store_id from stores where store_name = 'Peter''s Picks'), (select category_id from categories where category_name = 'Books'), (select subcategory_id from subcategories where subcategory_name = 'Fiction'), 80),
('Organic Skincare Kit', '{"Anti-aging", "Vitamin C", "Hyaluronic Acid"}', 90.00, 80.00, 'e0eebc99-9c0b-4ef8-bb6d-6bb9bd380a55', (select store_id from stores where store_name = 'Bob''s Bargains'), (select category_id from categories where category_name = 'Beauty Products'), (select subcategory_id from subcategories where subcategory_name = 'Skincare'), 100),
('Gaming PC', '{"AMD Ryzen 9", "NVIDIA RTX 3080"}', 2500.00, 2300.00, 'e0eebc99-9c0b-4ef8-bb6d-6bb9bd380a55', (select store_id from stores where store_name = 'Bob''s Bargains'), (select category_id from categories where category_name = 'Video Games'), (select subcategory_id from subcategories where subcategory_name = 'PC Games'), 15),
('Smart Home Hub', '{"Alexa, Google Assistant", "Voice Control", "Automation"}', 120.00, 100.00, 'a0eebc99-9c0b-4ef8-bb6d-6bb9bd380a11', (select store_id from stores where store_name = 'John''s Gadgets'), (select category_id from categories where category_name = 'Home & Kitchen'), (select subcategory_id from subcategories where subcategory_name = 'Kitchen Appliances'), 70),
('Plush Toy Bear', '{"Large", "Soft Plush"}', 35.00, 30.00, 'c0eebc99-9c0b-4ef8-bb6d-6bb9bd380a33', (select store_id from stores where store_name = 'Peter''s Picks'), (select category_id from categories where category_name = 'Toys & Games'), (select subcategory_id from subcategories where subcategory_name = 'Action Figures'), 150),
('Yoga Mat Eco-Friendly', '{"Natural Rubber", "6mm"}', 50.00, 45.00, 'e0eebc99-9c0b-4ef8-bb6d-6bb9bd380a55', (select store_id from stores where store_name = 'Bob''s Bargains'), (select category_id from categories where category_name = 'Sports & Outdoors'), (select subcategory_id from subcategories where subcategory_name = 'Fitness Equipment'), 90);
