insert into public.categories(category_name) values ('Electronics'),
('Clothing'),
('Books'),
('Beauty Products'),
('Automobiles'),
('Video Games'),
('Home & Kitchen'),
('Toys & Games'),
('Health & Household'),
('Pet Supplies'),
('Sports & Outdoors'),
('Tools & Home Improvement'),
('Arts, Crafts & Sewing'),
('Baby'),
('Garden & Outdoor'),
('Musical Instruments'),
('Office Products'),
('Software'),
('Collectibles & Fine Art'),
('Industrial & Scientific'),
('Handmade');

insert into public.subcategories(category_id, subcategory_name) values ((select category_id from categories where category_name = 'Electronics'), 'Computers'),
((select category_id from categories where category_name = 'Electronics'), 'Smartphones'),
((select category_id from categories where category_name = 'Electronics'), 'Accessories'),
((select category_id from categories where category_name = 'Electronics'), 'Televisions & Home Theater'),
((select category_id from categories where category_name = 'Electronics'), 'Cameras & Photography'),
((select category_id from categories where category_name = 'Electronics'), 'Wearable Technology'),
((select category_id from categories where category_name = 'Clothing'), 'Women''s Fashion'),
((select category_id from categories where category_name = 'Clothing'), 'Men''s Fashion'),
((select category_id from categories where category_name = 'Clothing'), 'Kids'' Fashion'),
((select category_id from categories where category_name = 'Clothing'), 'Footwear'),
((select category_id from categories where category_name = 'Books'), 'Fiction'),
((select category_id from categories where category_name = 'Books'), 'Non-Fiction'),
((select category_id from categories where category_name = 'Books'), 'Children''s Books'),
((select category_id from categories where category_name = 'Beauty Products'), 'Skincare'),
((select category_id from categories where category_name = 'Beauty Products'), 'Makeup'),
((select category_id from categories where category_name = 'Beauty Products'), 'Haircare'),
((select category_id from categories where category_name = 'Automobiles'), 'Car Parts & Accessories'),
((select category_id from categories where category_name = 'Automobiles'), 'Motorcycles'),
((select category_id from categories where category_name = 'Video Games'), 'PC Games'),
((select category_id from categories where category_name = 'Video Games'), 'PlayStation Games'),
((select category_id from categories where category_name = 'Video Games'), 'Xbox Games'),
((select category_id from categories where category_name = 'Home & Kitchen'), 'Kitchen Appliances'),
((select category_id from categories where category_name = 'Home & Kitchen'), 'Home Decor'),
((select category_id from categories where category_name = 'Home & Kitchen'), 'Furniture'),
((select category_id from categories where category_name = 'Toys & Games'), 'Action Figures'),
((select category_id from categories where category_name = 'Toys & Games'), 'Board Games'),
((select category_id from categories where category_name = 'Health & Household'), 'Vitamins & Supplements'),
((select category_id from categories where category_name = 'Health & Household'), 'Household Cleaners'),
((select category_id from categories where category_name = 'Pet Supplies'), 'Dog Supplies'),
((select category_id from categories where category_name = 'Pet Supplies'), 'Cat Supplies'),
((select category_id from categories where category_name = 'Sports & Outdoors'), 'Fitness Equipment'),
((select category_id from categories where category_name = 'Sports & Outdoors'), 'Camping & Hiking'),
((select category_id from categories where category_name = 'Tools & Home Improvement'), 'Power Tools'),
((select category_id from categories where category_name = 'Tools & Home Improvement'), 'Hand Tools'),
((select category_id from categories where category_name = 'Arts, Crafts & Sewing'), 'Painting & Drawing'),
((select category_id from categories where category_name = 'Arts, Crafts & Sewing'), 'Sewing & Fabric'),
((select category_id from categories where category_name = 'Baby'), 'Diapering'),
((select category_id from categories where category_name = 'Baby'), 'Feeding'),
((select category_id from categories where category_name = 'Garden & Outdoor'), 'Gardening Tools'),
((select category_id from categories where category_name = 'Garden & Outdoor'), 'Outdoor Decor'),
((select category_id from categories where category_name = 'Musical Instruments'), 'Guitars'),
((select category_id from categories where category_name = 'Musical Instruments'), 'Keyboards'),
((select category_id from categories where category_name = 'Office Products'), 'Office Electronics'),
((select category_id from categories where category_name = 'Office Products'), 'Office Furniture'),
((select category_id from categories where category_name = 'Software'), 'Operating Systems'),
((select category_id from categories where category_name = 'Software'), 'Productivity Software'),
((select category_id from categories where category_name = 'Collectibles & Fine Art'), 'Coins & Paper Money'),
((select category_id from categories where category_name = 'Collectibles & Fine Art'), 'Stamps'),
((select category_id from categories where category_name = 'Industrial & Scientific'), 'Lab & Scientific Products'),
((select category_id from categories where category_name = 'Industrial & Scientific'), 'Safety & Security'),
((select category_id from categories where category_name = 'Handmade'), 'Handmade Jewelry'),
((select category_id from categories where category_name = 'Handmade'), 'Handmade Home Decor');

-- Fake data for users
insert into public.profiles (id, first_name, last_name, email, phone, dob, country, is_customer, is_vendor) values
('a0eebc99-9c0b-4ef8-bb6d-6bb9bd380a11', 'John', 'Doe', 'john.doe@example.com', '+2348012345678', '1990-01-15', 'Nigeria', true, true),
('b0eebc99-9c0b-4ef8-bb6d-6bb9bd380a22', 'Jane', 'Smith', 'jane.smith@example.com', '+2348023456789', '1985-05-20', 'Nigeria', true, false),
('c0eebc99-9c0b-4ef8-bb6d-6bb9bd380a33', 'Peter', 'Jones', 'peter.jones@example.com', '+2348034567890', '1992-11-01', 'Nigeria', false, true),
('d0eebc99-9c0b-4ef8-bb6d-6bb9bd380a44', 'Alice', 'Brown', 'alice.brown@example.com', '+2348045678901', '1988-03-25', 'Nigeria', true, false),
('e0eebc99-9c0b-4ef8-bb6d-6bb9bd380a55', 'Bob', 'White', 'bob.white@example.com', '+2348056789012', '1995-07-10', 'Nigeria', false, true),
('f1eebc99-9c0b-4ef8-bb6d-6bb9bd380a66', 'Maria', 'Garcia', 'maria.garcia@example.com', '+34600112233', '1991-08-22', 'Spain', true, false),
('a2eebc99-9c0b-4ef8-bb6d-6bb9bd380a77', 'Kenji', 'Tanaka', 'kenji.tanaka@example.com', '+819012345678', '1987-02-11', 'Japan', true, true),
('e3eebc99-9c0b-4ef8-bb6d-6bb9bd380a88', 'Sophie', 'Dubois', 'sophie.dubois@example.com', '+33612345678', '1993-04-03', 'France', false, true),
('14eebc99-9c0b-4ef8-bb6d-6bb9bd380a99', 'Carlos', 'Silva', 'carlos.silva@example.com', '+5511987654321', '1980-12-30', 'Brazil', true, false),
('45eebc99-9c0b-4ef8-bb6d-6bb9bd380b00', 'Emily', 'Clark', 'emily.clark@example.com', '+447123456789', '1998-06-05', 'United Kingdom', true, true);

-- Fake data for stores
insert into public.stores (store_name, custom_domain, vendor_id) values
('John''s Gadgets', 'gadgets.example.com', 'a0eebc99-9c0b-4ef8-bb6d-6bb9bd380a11'),
('Peter''s Picks', null, 'c0eebc99-9c0b-4ef8-bb6d-6bb9bd380a33'),
('Bob''s Bargains', 'bargains.example.com', 'e0eebc99-9c0b-4ef8-bb6d-6bb9bd380a55'),
('Kenji''s Tech', 'kenjitech.example.com', 'a2eebc99-9c0b-4ef8-bb6d-6bb9bd380a77'),
('Sophie''s Boutique', null, 'e3eebc99-9c0b-4ef8-bb6d-6bb9bd380a88'),
('Emily''s Emporium', 'emilysemp.example.com', '45eebc99-9c0b-4ef8-bb6d-6bb9bd380b00'),
('Global Goods', 'globalgoods.example.com', '14eebc99-9c0b-4ef8-bb6d-6bb9bd380a99'), -- Changed
('Artisan Alley', null, 'd0eebc99-9c0b-4ef8-bb6d-6bb9bd380a44'), -- Changed
('Tech Haven', 'techhaven.example.com', 'a2eebc99-9c0b-4ef8-bb6d-6bb9bd380a77'), -- Changed
('Fashion Forward', null, '45eebc99-9c0b-4ef8-bb6d-6bb9bd380b00'); -- Changed

-- Fake data for products
insert into public.products (title, description, list_price, net_price, vendor_id, store_id, category_id, subcategory_id, quantity_available) values
('Laptop Pro X', '{"16GB RAM", "512GB SSD", "Intel i7"}', 1200.00, 1100.00, 'a0eebc99-9c0b-4ef8-bb6d-6bb9bd380a11', (select store_id from stores where store_name = 'John''s Gadgets'), (select category_id from categories where category_name = 'Electronics'), (select subcategory_id from subcategories where subcategory_name = 'Computers'), 50),
('Smartphone Ultra', '{"6.7 inch display", "128GB storage", "Dual Camera"}', 800.00, 750.00, 'a0eebc99-9c0b-4ef8-bb6d-6bb9bd380a11', (select store_id from stores where store_name = 'John''s Gadgets'), (select category_id from categories where category_name = 'Electronics'), (select subcategory_id from subcategories where subcategory_name = 'Smartphones'), 120),
('Wireless Headphones', '{"Noise Cancelling", "20-hour battery life"}', 150.00, 130.00, 'a0eebc99-9c0b-4ef8-bb6d-6bb9bd380a11', (select store_id from stores where store_name = 'John''s Gadgets'), (select category_id from categories where category_name = 'Electronics'), (select subcategory_id from subcategories where subcategory_name = 'Accessories'), 200),
('Classic Leather Jacket', '{"Genuine Leather", "Black"}', 250.00, 220.00, 'c0eebc99-9c0b-4ef8-bb6d-6bb9bd380a33', (select store_id from stores where store_name = 'Peter''s Picks'), (select category_id from categories where category_name = 'Clothing'), (select subcategory_id from subcategories where subcategory_name = 'Men''s Fashion'), 30),
('Fantasy Novel Set', '{"J.R.R. Tolkien", "Fantasy"}', 75.00, 65.00, 'c0eebc99-9c0b-4ef8-bb6d-6bb9bd380a33', (select store_id from stores where store_name = 'Peter''s Picks'), (select category_id from categories where category_name = 'Books'), (select subcategory_id from subcategories where subcategory_name = 'Fiction'), 80),
('Organic Skincare Kit', '{"Anti-aging", "Vitamin C", "Hyaluronic Acid"}', 90.00, 80.00, 'e0eebc99-9c0b-4ef8-bb6d-6bb9bd380a55', (select store_id from stores where store_name = 'Bob''s Bargains'), (select category_id from categories where category_name = 'Beauty Products'), (select subcategory_id from subcategories where subcategory_name = 'Skincare'), 100),
('Gaming PC', '{"AMD Ryzen 9", "NVIDIA RTX 3080"}', 2500.00, 2300.00, 'e0eebc99-9c0b-4ef8-bb6d-6bb9bd380a55', (select store_id from stores where store_name = 'Bob''s Bargains'), (select category_id from categories where category_name = 'Video Games'), (select subcategory_id from subcategories where subcategory_name = 'PC Games'), 15),
('Smart Home Hub', '{"Alexa, Google Assistant", "Voice Control", "Automation"}', 120.00, 100.00, 'a0eebc99-9c0b-4ef8-bb6d-6bb9bd380a11', (select store_id from stores where store_name = 'John''s Gadgets'), (select category_id from categories where category_name = 'Home & Kitchen'), (select subcategory_id from subcategories where subcategory_name = 'Kitchen Appliances'), 70),
('Plush Toy Bear', '{"Large", "Soft Plush"}', 35.00, 30.00, 'c0eebc99-9c0b-4ef8-bb6d-6bb9bd380a33', (select store_id from stores where store_name = 'Peter''s Picks'), (select category_id from categories where category_name = 'Toys & Games'), (select subcategory_id from subcategories where subcategory_name = 'Action Figures'), 150),
('Yoga Mat Eco-Friendly', '{"Natural Rubber", "6mm"}', 50.00, 45.00, 'e0eebc99-9c0b-4ef8-bb6d-6bb9bd380a55', (select store_id from stores where store_name = 'Bob''s Bargains'), (select category_id from categories where category_name = 'Sports & Outdoors'), (select subcategory_id from subcategories where subcategory_name = 'Fitness Equipment'), 90),
-- New products for John's Gadgets
('Smartwatch Series 7', '{"GPS", "Heart Rate Monitor"}', 350.00, 320.00, 'a0eebc99-9c0b-4ef8-bb6d-6bb9bd380a11', (select store_id from stores where store_name = 'John''s Gadgets'), (select category_id from categories where category_name = 'Electronics'), (select subcategory_id from subcategories where subcategory_name = 'Wearable Technology'), 80),
('4K Smart TV 55"', '{"HDR", "Voice Control"}', 700.00, 650.00, 'a0eebc99-9c0b-4ef8-bb6d-6bb9bd380a11', (select store_id from stores where store_name = 'John''s Gadgets'), (select category_id from categories where category_name = 'Electronics'), (select subcategory_id from subcategories where subcategory_name = 'Televisions & Home Theater'), 40),
('Gaming Mouse RGB', '{"Programmable Buttons", "High DPI"}', 60.00, 50.00, 'a0eebc99-9c0b-4ef8-bb6d-6bb9bd380a11', (select store_id from stores where store_name = 'John''s Gadgets'), (select category_id from categories where category_name = 'Electronics'), (select subcategory_id from subcategories where subcategory_name = 'Accessories'), 300),
('Portable Bluetooth Speaker', '{"Waterproof", "10-hour playtime"}', 80.00, 70.00, 'a0eebc99-9c0b-4ef8-bb6d-6bb9bd380a11', (select store_id from stores where store_name = 'John''s Gadgets'), (select category_id from categories where category_name = 'Electronics'), (select subcategory_id from subcategories where subcategory_name = 'Accessories'), 250),
('Digital Camera DSLR', '{"24MP", "4K Video"}', 950.00, 900.00, 'a0eebc99-9c0b-4ef8-bb6d-6bb9bd380a11', (select store_id from stores where store_name = 'John''s Gadgets'), (select category_id from categories where category_name = 'Electronics'), (select subcategory_id from subcategories where subcategory_name = 'Cameras & Photography'), 25),
('Robot Vacuum Cleaner', '{"Smart Mapping", "App Control"}', 400.00, 370.00, 'a0eebc99-9c0b-4ef8-bb6d-6bb9bd380a11', (select store_id from stores where store_name = 'John''s Gadgets'), (select category_id from categories where category_name = 'Home & Kitchen'), (select subcategory_id from subcategories where subcategory_name = 'Kitchen Appliances'), 60),
('Air Fryer XL', '{"5.8 Quart", "Digital Display"}', 110.00, 95.00, 'a0eebc99-9c0b-4ef8-bb6d-6bb9bd380a11', (select store_id from stores where store_name = 'John''s Gadgets'), (select category_id from categories where category_name = 'Home & Kitchen'), (select subcategory_id from subcategories where subcategory_name = 'Kitchen Appliances'), 100),
('External SSD 1TB', '{"USB 3.1", "Fast Transfer"}', 180.00, 160.00, 'a0eebc99-9c0b-4ef8-bb6d-6bb9bd380a11', (select store_id from stores where store_name = 'John''s Gadgets'), (select category_id from categories where category_name = 'Electronics'), (select subcategory_id from subcategories where subcategory_name = 'Accessories'), 150),
('Noise Cancelling Earbuds', '{"True Wireless", "Active Noise Cancellation"}', 199.00, 179.00, 'a0eebc99-9c0b-4ef8-bb6d-6bb9bd380a11', (select store_id from stores where store_name = 'John''s Gadgets'), (select category_id from categories where category_name = 'Electronics'), (select subcategory_id from subcategories where subcategory_name = 'Accessories'), 180),
('Smart Light Bulbs 4-Pack', '{"Dimmable", "Color Changing"}', 45.00, 40.00, 'a0eebc99-9c0b-4ef8-bb6d-6bb9bd380a11', (select store_id from stores where store_name = 'John''s Gadgets'), (select category_id from categories where category_name = 'Home & Kitchen'), (select subcategory_id from subcategories where subcategory_name = 'Home Decor'), 200),
-- New products for Peter's Picks
('Women''s Summer Dress', '{"Floral Print", "Cotton"}', 45.00, 40.00, 'c0eebc99-9c0b-4ef8-bb6d-6bb9bd380a33', (select store_id from stores where store_name = 'Peter''s Picks'), (select category_id from categories where category_name = 'Clothing'), (select subcategory_id from subcategories where subcategory_name = 'Women''s Fashion'), 100),
('Men''s Casual Shirt', '{"Linen Blend", "Button-down"}', 55.00, 50.00, 'c0eebc99-9c0b-4ef8-bb6d-6bb9bd380a33', (select store_id from stores where store_name = 'Peter''s Picks'), (select category_id from categories where category_name = 'Clothing'), (select subcategory_id from subcategories where subcategory_name = 'Men''s Fashion'), 90),
('Children''s Story Book', '{"Illustrated", "Ages 3-6"}', 15.00, 12.00, 'c0eebc99-9c0b-4ef8-bb6d-6bb9bd380a33', (select store_id from stores where store_name = 'Peter''s Picks'), (select category_id from categories where category_name = 'Books'), (select subcategory_id from subcategories where subcategory_name = 'Children''s Books'), 200),
('Sci-Fi Paperback Novel', '{"Dystopian", "Award-winning"}', 20.00, 18.00, 'c0eebc99-9c0b-4ef8-bb6d-6bb9bd380a33', (select store_id from stores where store_name = 'Peter''s Picks'), (select category_id from categories where category_name = 'Books'), (select subcategory_id from subcategories where subcategory_name = 'Fiction'), 120),
('Board Game Strategy', '{"Family Fun", "Ages 10+"}', 40.00, 35.00, 'c0eebc99-9c0b-4ef8-bb6d-6bb9bd380a33', (select store_id from stores where store_name = 'Peter''s Picks'), (select category_id from categories where category_name = 'Toys & Games'), (select subcategory_id from subcategories where subcategory_name = 'Board Games'), 70),
('Building Blocks Set', '{"Creative Play", "500 pieces"}', 60.00, 55.00, 'c0eebc99-9c0b-4ef8-bb6d-6bb9bd380a33', (select store_id from stores where store_name = 'Peter''s Picks'), (select category_id from categories where category_name = 'Toys & Games'), (select subcategory_id from subcategories where subcategory_name = 'Action Figures'), 110),
('Running Shoes Men''s', '{"Breathable Mesh", "Cushioned Sole"}', 90.00, 80.00, 'c0eebc99-9c0b-4ef8-bb6d-6bb9bd380a33', (select store_id from stores where store_name = 'Peter''s Picks'), (select category_id from categories where category_name = 'Clothing'), (select subcategory_id from subcategories where subcategory_name = 'Footwear'), 60),
('Classic Literature Collection', '{"Hardcover", "Complete Works"}', 120.00, 100.00, 'c0eebc99-9c0b-4ef8-bb6d-6bb9bd380a33', (select store_id from stores where store_name = 'Peter''s Picks'), (select category_id from categories where category_name = 'Books'), (select subcategory_id from subcategories where subcategory_name = 'Non-Fiction'), 40),
('Kids'' Backpack Animal Design', '{"Durable", "Water-resistant"}', 25.00, 22.00, 'c0eebc99-9c0b-4ef8-bb6d-6bb9bd380a33', (select store_id from stores where store_name = 'Peter''s Picks'), (select category_id from categories where category_name = 'Clothing'), (select subcategory_id from subcategories where subcategory_name = 'Kids'' Fashion'), 130),
('Puzzle 1000 Pieces', '{"Landscape Scene", "Challenging"}', 28.00, 25.00, 'c0eebc99-9c0b-4ef8-bb6d-6bb9bd380a33', (select store_id from stores where store_name = 'Peter''s Picks'), (select category_id from categories where category_name = 'Toys & Games'), (select subcategory_id from subcategories where subcategory_name = 'Board Games'), 95),
-- New products for Bob's Bargains
('Vitamin D3 Supplements', '{"5000 IU", "120 Softgels"}', 25.00, 20.00, 'e0eebc99-9c0b-4ef8-bb6d-6bb9bd380a55', (select store_id from stores where store_name = 'Bob''s Bargains'), (select category_id from categories where category_name = 'Health & Household'), (select subcategory_id from subcategories where subcategory_name = 'Vitamins & Supplements'), 180),
('All-Purpose Cleaner', '{"Eco-Friendly", "Lemon Scent"}', 10.00, 8.00, 'e0eebc99-9c0b-4ef8-bb6d-6bb9bd380a55', (select store_id from stores where store_name = 'Bob''s Bargains'), (select category_id from categories where category_name = 'Health & Household'), (select subcategory_id from subcategories where subcategory_name = 'Household Cleaners'), 300),
('PS5 Game - Adventure', '{"Open World", "Single Player"}', 70.00, 60.00, 'e0eebc99-9c0b-4ef8-bb6d-6bb9bd380a55', (select store_id from stores where store_name = 'Bob''s Bargains'), (select category_id from categories where category_name = 'Video Games'), (select subcategory_id from subcategories where subcategory_name = 'PlayStation Games'), 75),
('Xbox Series X Game - RPG', '{"Multiplayer", "Fantasy"}', 65.00, 55.00, 'e0eebc99-9c0b-4ef8-bb6d-6bb9bd380a55', (select store_id from stores where store_name = 'Bob''s Bargains'), (select category_id from categories where category_name = 'Video Games'), (select subcategory_id from subcategories where subcategory_name = 'Xbox Games'), 85),
('Sunscreen SPF 50', '{"Water Resistant", "Non-Greasy"}', 18.00, 15.00, 'e0eebc99-9c0b-4ef8-bb6d-6bb9bd380a55', (select store_id from stores where store_name = 'Bob''s Bargains'), (select category_id from categories where category_name = 'Beauty Products'), (select subcategory_id from subcategories where subcategory_name = 'Skincare'), 200),
('Hair Dryer Professional', '{"Ionic Technology", "Fast Drying"}', 75.00, 65.00, 'e0eebc99-9c0b-4ef8-bb6d-6bb9bd380a55', (select store_id from stores where store_name = 'Bob''s Bargains'), (select category_id from categories where category_name = 'Beauty Products'), (select subcategory_id from subcategories where subcategory_name = 'Haircare'), 90),
('Camping Tent 2-Person', '{"Lightweight", "Easy Setup"}', 150.00, 130.00, 'e0eebc99-9c0b-4ef8-bb6d-6bb9bd380a55', (select store_id from stores where store_name = 'Bob''s Bargains'), (select category_id from categories where category_name = 'Sports & Outdoors'), (select subcategory_id from subcategories where subcategory_name = 'Camping & Hiking'), 50),
('Dumbbell Set Adjustable', '{"5-50 lbs", "Compact Design"}', 200.00, 180.00, 'e0eebc99-9c0b-4ef8-bb6d-6bb9bd380a55', (select store_id from stores where store_name = 'Bob''s Bargains'), (select category_id from categories where category_name = 'Sports & Outdoors'), (select subcategory_id from subcategories where subcategory_name = 'Fitness Equipment'), 30),
('Facial Cleansing Brush', '{"Deep Cleanse", "Rechargeable"}', 40.00, 35.00, 'e0eebc99-9c0b-4ef8-bb6d-6bb9bd380a55', (select store_id from stores where store_name = 'Bob''s Bargains'), (select category_id from categories where category_name = 'Beauty Products'), (select subcategory_id from subcategories where subcategory_name = 'Skincare'), 110),
('PC Gaming Headset', '{"Surround Sound", "Noise Cancelling Mic"}', 90.00, 80.00, 'e0eebc99-9c0b-4ef8-bb6d-6bb9bd380a55', (select store_id from stores where store_name = 'Bob''s Bargains'), (select category_id from categories where category_name = 'Video Games'), (select subcategory_id from subcategories where subcategory_name = 'PC Games'), 140),
-- New products for Kenji's Tech
('Curved Gaming Monitor', '{"144Hz", "27 inch"}', 300.00, 280.00, 'a2eebc99-9c0b-4ef8-bb6d-6bb9bd380a77', (select store_id from stores where store_name = 'Kenji''s Tech'), (select category_id from categories where category_name = 'Electronics'), (select subcategory_id from subcategories where subcategory_name = 'Computers'), 45),
('Wireless Keyboard and Mouse Combo', '{"Ergonomic", "Long Battery Life"}', 70.00, 60.00, 'a2eebc99-9c0b-4ef8-bb6d-6bb9bd380a77', (select store_id from stores where store_name = 'Kenji''s Tech'), (select category_id from categories where category_name = 'Office Products'), (select subcategory_id from subcategories where subcategory_name = 'Office Electronics'), 150),
('Antivirus Software 1-Year', '{"Real-time Protection", "Multi-device"}', 50.00, 45.00, 'a2eebc99-9c0b-4ef8-bb6d-6bb9bd380a77', (select store_id from stores where store_name = 'Kenji''s Tech'), (select category_id from categories where category_name = 'Software'), (select subcategory_id from subcategories where subcategory_name = 'Productivity Software'), 200),
('Operating System Home Edition', '{"Latest Version", "Digital License"}', 120.00, 100.00, 'a2eebc99-9c0b-4ef8-bb6d-6bb9bd380a77', (select store_id from stores where store_name = 'Kenji''s Tech'), (select category_id from categories where category_name = 'Software'), (select subcategory_id from subcategories where subcategory_name = 'Operating Systems'), 100),
('Webcam Full HD', '{"1080p", "Built-in Mic"}', 40.00, 35.00, 'a2eebc99-9c0b-4ef8-bb6d-6bb9bd380a77', (select store_id from stores where store_name = 'Kenji''s Tech'), (select category_id from categories where category_name = 'Electronics'), (select subcategory_id from subcategories where subcategory_name = 'Accessories'), 220),
('Network Router Wi-Fi 6', '{"Dual Band", "High Speed"}', 100.00, 90.00, 'a2eebc99-9c0b-4ef8-bb6d-6bb9bd380a77', (select store_id from stores where store_name = 'Kenji''s Tech'), (select category_id from categories where category_name = 'Electronics'), (select subcategory_id from subcategories where subcategory_name = 'Accessories'), 80),
('Laser Printer Wireless', '{"Monochrome", "Fast Printing"}', 180.00, 160.00, 'a2eebc99-9c0b-4ef8-bb6d-6bb9bd380a77', (select store_id from stores where store_name = 'Kenji''s Tech'), (select category_id from categories where category_name = 'Office Products'), (select subcategory_id from subcategories where subcategory_name = 'Office Electronics'), 70),
('Projector Mini Portable', '{"HD Ready", "HDMI Input"}', 250.00, 220.00, 'a2eebc99-9c0b-4ef8-bb6d-6bb9bd380a77', (select store_id from stores where store_name = 'Kenji''s Tech'), (select category_id from categories where category_name = 'Electronics'), (select subcategory_id from subcategories where subcategory_name = 'Televisions & Home Theater'), 35),
('Graphic Design Software', '{"Professional Tools", "Subscription"}', 200.00, 180.00, 'a2eebc99-9c0b-4ef8-bb6d-6bb9bd380a77', (select store_id from stores where store_name = 'Kenji''s Tech'), (select category_id from categories where category_name = 'Software'), (select subcategory_id from subcategories where subcategory_name = 'Productivity Software'), 60),
('Ergonomic Office Chair', '{"Adjustable Lumbar", "Mesh Back"}', 220.00, 190.00, 'a2eebc99-9c0b-4ef8-bb6d-6bb9bd380a77', (select store_id from stores where store_name = 'Kenji''s Tech'), (select category_id from categories where category_name = 'Office Products'), (select subcategory_id from subcategories where subcategory_name = 'Office Furniture'), 55),
-- New products for Sophie's Boutique
('Evening Gown Elegant', '{"Silk Blend", "Floor Length"}', 300.00, 270.00, 'e3eebc99-9c0b-4ef8-bb6d-6bb9bd380a88', (select store_id from stores where store_name = 'Sophie''s Boutique'), (select category_id from categories where category_name = 'Clothing'), (select subcategory_id from subcategories where subcategory_name = 'Women''s Fashion'), 20),
('Men''s Dress Shoes', '{"Genuine Leather", "Oxford Style"}', 150.00, 135.00, 'e3eebc99-9c0b-4ef8-bb6d-6bb9bd380a88', (select store_id from stores where store_name = 'Sophie''s Boutique'), (select category_id from categories where category_name = 'Clothing'), (select subcategory_id from subcategories where subcategory_name = 'Footwear'), 40),
('Luxury Perfume 100ml', '{"Floral Scent", "Long Lasting"}', 120.00, 100.00, 'e3eebc99-9c0b-4ef8-bb6d-6bb9bd380a88', (select store_id from stores where store_name = 'Sophie''s Boutique'), (select category_id from categories where category_name = 'Beauty Products'), (select subcategory_id from subcategories where subcategory_name = 'Makeup'), 70),
('Handmade Silver Necklace', '{"Sterling Silver", "Unique Design"}', 80.00, 70.00, 'e3eebc99-9c0b-4ef8-bb6d-6bb9bd380a88', (select store_id from stores where store_name = 'Sophie''s Boutique'), (select category_id from categories where category_name = 'Handmade'), (select subcategory_id from subcategories where subcategory_name = 'Handmade Jewelry'), 50),
('Artisanal Ceramic Vase', '{"Hand-painted", "Modern Design"}', 60.00, 50.00, 'e3eebc99-9c0b-4ef8-bb6d-6bb9bd380a88', (select store_id from stores where store_name = 'Sophie''s Boutique'), (select category_id from categories where category_name = 'Handmade'), (select subcategory_id from subcategories where subcategory_name = 'Handmade Home Decor'), 30),
('Kids'' Winter Coat', '{"Waterproof", "Warm Lining"}', 70.00, 60.00, 'e3eebc99-9c0b-4ef8-bb6d-6bb9bd380a88', (select store_id from stores where store_name = 'Sophie''s Boutique'), (select category_id from categories where category_name = 'Clothing'), (select subcategory_id from subcategories where subcategory_name = 'Kids'' Fashion'), 80),
('Premium Makeup Brush Set', '{"Synthetic Bristles", "12 Pieces"}', 45.00, 40.00, 'e3eebc99-9c0b-4ef8-bb6d-6bb9bd380a88', (select store_id from stores where store_name = 'Sophie''s Boutique'), (select category_id from categories where category_name = 'Beauty Products'), (select subcategory_id from subcategories where subcategory_name = 'Makeup'), 90),
('Hand-knitted Scarf', '{"Merino Wool", "Soft Texture"}', 55.00, 48.00, 'e3eebc99-9c0b-4ef8-bb6d-6bb9bd380a88', (select store_id from stores where store_name = 'Sophie''s Boutique'), (select category_id from categories where category_name = 'Handmade'), (select subcategory_id from subcategories where subcategory_name = 'Handmade Home Decor'), 60),
('Designer Handbag', '{"Genuine Leather", "Crossbody"}', 250.00, 220.00, 'e3eebc99-9c0b-4ef8-bb6d-6bb9bd380a88', (select store_id from stores where store_name = 'Sophie''s Boutique'), (select category_id from categories where category_name = 'Clothing'), (select subcategory_id from subcategories where subcategory_name = 'Women''s Fashion'), 25),
('Organic Lip Balm Set', '{"Natural Ingredients", "Moisturizing"}', 20.00, 18.00, 'e3eebc99-9c0b-4ef8-bb6d-6bb9bd380a88', (select store_id from stores where store_name = 'Sophie''s Boutique'), (select category_id from categories where category_name = 'Beauty Products'), (select subcategory_id from subcategories where subcategory_name = 'Skincare'), 150),
-- New products for Emily's Emporium
('Coffee Maker Drip', '{"12-Cup Capacity", "Programmable"}', 70.00, 60.00, '45eebc99-9c0b-4ef8-bb6d-6bb9bd380b00', (select store_id from stores where store_name = 'Emily''s Emporium'), (select category_id from categories where category_name = 'Home & Kitchen'), (select subcategory_id from subcategories where subcategory_name = 'Kitchen Appliances'), 80),
('Outdoor Patio Set', '{"Rattan", "4-Piece"}', 400.00, 350.00, '45eebc99-9c0b-4ef8-bb6d-6bb9bd380b00', (select store_id from stores where store_name = 'Emily''s Emporium'), (select category_id from categories where category_name = 'Garden & Outdoor'), (select subcategory_id from subcategories where subcategory_name = 'Outdoor Decor'), 15),
('Acrylic Paint Set', '{"24 Colors", "Non-toxic"}', 30.00, 25.00, '45eebc99-9c0b-4ef8-bb6d-6bb9bd380b00', (select store_id from stores where store_name = 'Emily''s Emporium'), (select category_id from categories where category_name = 'Arts, Crafts & Sewing'), (select subcategory_id from subcategories where subcategory_name = 'Painting & Drawing'), 120),
('Sewing Machine Beginner', '{"Portable", "Multiple Stitches"}', 150.00, 130.00, '45eebc99-9c0b-4ef8-bb6d-6bb9bd380b00', (select store_id from stores where store_name = 'Emily''s Emporium'), (select category_id from categories where category_name = 'Arts, Crafts & Sewing'), (select subcategory_id from subcategories where subcategory_name = 'Sewing & Fabric'), 40),
('Garden Hose Expandable', '{"50ft", "No-kink"}', 40.00, 35.00, '45eebc99-9c0b-4ef8-bb6d-6bb9bd380b00', (select store_id from stores where store_name = 'Emily''s Emporium'), (select category_id from categories where category_name = 'Garden & Outdoor'), (select subcategory_id from subcategories where subcategory_name = 'Gardening Tools'), 100),
('Blender High-Speed', '{"Smoothie Maker", "Ice Crushing"}', 90.00, 80.00, '45eebc99-9c0b-4ef8-bb6d-6bb9bd380b00', (select store_id from stores where store_name = 'Emily''s Emporium'), (select category_id from categories where category_name = 'Home & Kitchen'), (select subcategory_id from subcategories where subcategory_name = 'Kitchen Appliances'), 70),
('Wall Art Canvas Print', '{"Abstract Design", "Large Size"}', 100.00, 85.00, '45eebc99-9c0b-4ef8-bb6d-6bb9bd380b00', (select store_id from stores where store_name = 'Emily''s Emporium'), (select category_id from categories where category_name = 'Home & Kitchen'), (select subcategory_id from subcategories where subcategory_name = 'Home Decor'), 50),
('Gardening Gloves Durable', '{"Leather Palm", "Breathable"}', 15.00, 12.00, '45eebc99-9c0b-4ef8-bb6d-6bb9bd380b00', (select store_id from stores where store_name = 'Emily''s Emporium'), (select category_id from categories where category_name = 'Garden & Outdoor'), (select subcategory_id from subcategories where subcategory_name = 'Gardening Tools'), 200),
('Embroidery Kit Beginner', '{"Hoop, Thread, Fabric"}', 25.00, 20.00, '45eebc99-9c0b-4ef8-bb6d-6bb9bd380b00', (select store_id from stores where store_name = 'Emily''s Emporium'), (select category_id from categories where category_name = 'Arts, Crafts & Sewing'), (select subcategory_id from subcategories where subcategory_name = 'Sewing & Fabric'), 90),
('Cookware Set Non-Stick', '{"10-Piece", "Dishwasher Safe"}', 180.00, 160.00, '45eebc99-9c0b-4ef8-bb6d-6bb9bd380b00', (select store_id from stores where store_name = 'Emily''s Emporium'), (select category_id from categories where category_name = 'Home & Kitchen'), (select subcategory_id from subcategories where subcategory_name = 'Kitchen Appliances'), 30),

-- New products for Global Goods
('Travel Backpack 40L', '{"Waterproof", "Laptop Compartment"}', 80.00, 70.00, '14eebc99-9c0b-4ef8-bb6d-6bb9bd380a99', (select store_id from stores where store_name = 'Global Goods'), (select category_id from categories where category_name = 'Sports & Outdoors'), (select subcategory_id from subcategories where subcategory_name = 'Camping & Hiking'), 100),
('Universal Power Adapter', '{"Worldwide Compatibility", "USB Ports"}', 30.00, 25.00, '14eebc99-9c0b-4ef8-bb6d-6bb9bd380a99', (select store_id from stores where store_name = 'Global Goods'), (select category_id from categories where category_name = 'Electronics'), (select subcategory_id from subcategories where subcategory_name = 'Accessories'), 150),
('Gourmet Coffee Beans 1lb', '{"Single Origin", "Medium Roast"}', 20.00, 18.00, '14eebc99-9c0b-4ef8-bb6d-6bb9bd380a99', (select store_id from stores where store_name = 'Global Goods'), (select category_id from categories where category_name = 'Home & Kitchen'), (select subcategory_id from subcategories where subcategory_name = 'Kitchen Appliances'), 200),
('World Map Wall Decal', '{"Peel & Stick", "Educational"}', 25.00, 20.00, '14eebc99-9c0b-4ef8-bb6d-6bb9bd380a99', (select store_id from stores where store_name = 'Global Goods'), (select category_id from categories where category_name = 'Home & Kitchen'), (select subcategory_id from subcategories where subcategory_name = 'Home Decor'), 120),
('Portable Water Filter', '{"Outdoor Use", "Emergency"}', 35.00, 30.00, '14eebc99-9c0b-4ef8-bb6d-6bb9bd380a99', (select store_id from stores where store_name = 'Global Goods'), (select category_id from categories where category_name = 'Sports & Outdoors'), (select subcategory_id from subcategories where subcategory_name = 'Camping & Hiking'), 90),
('International Cookbook', '{"Recipes from Around the World", "Hardcover"}', 30.00, 25.00, '14eebc99-9c0b-4ef8-bb6d-6bb9bd380a99', (select store_id from stores where store_name = 'Global Goods'), (select category_id from categories where category_name = 'Books'), (select subcategory_id from subcategories where subcategory_name = 'Non-Fiction'), 80),
('Yoga Blocks 2-Pack', '{"High Density Foam", "Support"}', 20.00, 18.00, '14eebc99-9c0b-4ef8-bb6d-6bb9bd380a99', (select store_id from stores where store_name = 'Global Goods'), (select category_id from categories where category_name = 'Sports & Outdoors'), (select subcategory_id from subcategories where subcategory_name = 'Fitness Equipment'), 130),
('Digital Luggage Scale', '{"Accurate", "Compact"}', 15.00, 12.00, '14eebc99-9c0b-4ef8-bb6d-6bb9bd380a99', (select store_id from stores where store_name = 'Global Goods'), (select category_id from categories where category_name = 'Electronics'), (select subcategory_id from subcategories where subcategory_name = 'Accessories'), 250),
('Reusable Shopping Bags 5-Pack', '{"Foldable", "Durable"}', 12.00, 10.00, '14eebc99-9c0b-4ef8-bb6d-6bb9bd380a99', (select store_id from stores where store_name = 'Global Goods'), (select category_id from categories where category_name = 'Home & Kitchen'), (select subcategory_id from subcategories where subcategory_name = 'Kitchen Appliances'), 300),
('Multi-tool Pocket Knife', '{"Stainless Steel", "15 Functions"}', 40.00, 35.00, '14eebc99-9c0b-4ef8-bb6d-6bb9bd380a99', (select store_id from stores where store_name = 'Global Goods'), (select category_id from categories where category_name = 'Tools & Home Improvement'), (select subcategory_id from subcategories where subcategory_name = 'Hand Tools'), 110),

-- New products for Artisan Alley
('Hand-painted Ceramic Mug', '{"Unique Design", "Dishwasher Safe"}', 25.00, 20.00, 'd0eebc99-9c0b-4ef8-bb6d-6bb9bd380a44', (select store_id from stores where store_name = 'Artisan Alley'), (select category_id from categories where category_name = 'Handmade'), (select subcategory_id from subcategories where subcategory_name = 'Handmade Home Decor'), 70),
('Custom Engraved Wooden Sign', '{"Personalized", "Home Decor"}', 40.00, 35.00, 'd0eebc99-9c0b-4ef8-bb6d-6bb9bd380a44', (select store_id from stores where store_name = 'Artisan Alley'), (select category_id from categories where category_name = 'Handmade'), (select subcategory_id from subcategories where subcategory_name = 'Handmade Home Decor'), 50),
('Oil Painting Kit Advanced', '{"Canvas, Brushes, Paints"}', 80.00, 70.00, 'd0eebc99-9c0b-4ef8-bb6d-6bb9bd380a44', (select store_id from stores where store_name = 'Artisan Alley'), (select category_id from categories where category_name = 'Arts, Crafts & Sewing'), (select subcategory_id from subcategories where subcategory_name = 'Painting & Drawing'), 40),
('Sculpting Clay Set', '{"Non-toxic", "Modeling Tools"}', 30.00, 25.00, 'd0eebc99-9c0b-4ef8-bb6d-6bb9bd380a44', (select store_id from stores where store_name = 'Artisan Alley'), (select category_id from categories where category_name = 'Arts, Crafts & Sewing'), (select subcategory_id from subcategories where subcategory_name = 'Painting & Drawing'), 90),
('Vintage Coin Collection', '{"Rare Finds", "Certificate of Authenticity"}', 500.00, 450.00, 'd0eebc99-9c0b-4ef8-bb6d-6bb9bd380a44', (select store_id from stores where store_name = 'Artisan Alley'), (select category_id from categories where category_name = 'Collectibles & Fine Art'), (select subcategory_id from subcategories where subcategory_name = 'Coins & Paper Money'), 10),
('Collectible Stamps Album', '{"Worldwide Stamps", "Historical"}', 150.00, 130.00, 'd0eebc99-9c0b-4ef8-bb6d-6bb9bd380a44', (select store_id from stores where store_name = 'Artisan Alley'), (select category_id from categories where category_name = 'Collectibles & Fine Art'), (select subcategory_id from subcategories where subcategory_name = 'Stamps'), 20),
('Hand-stitched Leather Wallet', '{"Full Grain Leather", "Slim Design"}', 65.00, 55.00, 'd0eebc99-9c0b-4ef8-bb6d-6bb9bd380a44', (select store_id from stores where store_name = 'Artisan Alley'), (select category_id from categories where category_name = 'Handmade'), (select subcategory_id from subcategories where subcategory_name = 'Handmade Jewelry'), 60),
('Calligraphy Pen Set', '{"Ink, Nibs, Paper"}', 35.00, 30.00, 'd0eebc99-9c0b-4ef8-bb6d-6bb9bd380a44', (select store_id from stores where store_name = 'Artisan Alley'), (select category_id from categories where category_name = 'Arts, Crafts & Sewing'), (select subcategory_id from subcategories where subcategory_name = 'Painting & Drawing'), 80),
('Hand-blown Glass Figurine', '{"Art Glass", "Decorative"}', 90.00, 80.00, 'd0eebc99-9c0b-4ef8-bb6d-6bb9bd380a44', (select store_id from stores where store_name = 'Artisan Alley'), (select category_id from categories where category_name = 'Handmade'), (select subcategory_id from subcategories where subcategory_name = 'Handmade Home Decor'), 25),
('DIY Jewelry Making Kit', '{"Beads, Charms, Tools"}', 45.00, 40.00, 'd0eebc99-9c0b-4ef8-bb6d-6bb9bd380a44', (select store_id from stores where store_name = 'Artisan Alley'), (select category_id from categories where category_name = 'Arts, Crafts & Sewing'), (select subcategory_id from subcategories where subcategory_name = 'Sewing & Fabric'), 100),

-- New products for Tech Haven
('High-Performance Gaming Laptop', '{"RTX 4070", "1TB SSD"}', 1800.00, 1650.00, 'a2eebc99-9c0b-4ef8-bb6d-6bb9bd380a77', (select store_id from stores where store_name = 'Tech Haven'), (select category_id from categories where category_name = 'Electronics'), (select subcategory_id from subcategories where subcategory_name = 'Computers'), 20),
('VR Headset Advanced', '{"Immersive Experience", "Wireless"}', 600.00, 550.00, 'a2eebc99-9c0b-4ef8-bb6d-6bb9bd380a77', (select store_id from stores where store_name = 'Tech Haven'), (select category_id from categories where category_name = 'Electronics'), (select subcategory_id from subcategories where subcategory_name = 'Wearable Technology'), 30),
('Data Recovery Software', '{"Lost Files", "Easy to Use"}', 70.00, 60.00, 'a2eebc99-9c0b-4ef8-bb6d-6bb9bd380a77', (select store_id from stores where store_name = 'Tech Haven'), (select category_id from categories where category_name = 'Software'), (select subcategory_id from subcategories where subcategory_name = 'Productivity Software'), 100),
('Laboratory Microscope Digital', '{"1000x Magnification", "USB Output"}', 350.00, 300.00, 'a2eebc99-9c0b-4ef8-bb6d-6bb9bd380a77', (select store_id from stores where store_name = 'Tech Haven'), (select category_id from categories where category_name = 'Industrial & Scientific'), (select subcategory_id from subcategories where subcategory_name = 'Lab & Scientific Products'), 15),
('3D Printer Desktop', '{"High Precision", "Filament Included"}', 450.00, 400.00, 'a2eebc99-9c0b-4ef8-bb6d-6bb9bd380a77', (select store_id from stores where store_name = 'Tech Haven'), (select category_id from categories where category_name = 'Industrial & Scientific'), (select subcategory_id from subcategories where subcategory_name = 'Lab & Scientific Products'), 10),
('Smart Home Security Camera', '{"Motion Detection", "Night Vision"}', 90.00, 80.00, 'a2eebc99-9c0b-4ef8-bb6d-6bb9bd380a77', (select store_id from stores where store_name = 'Tech Haven'), (select category_id from categories where category_name = 'Electronics'), (select subcategory_id from subcategories where subcategory_name = 'Accessories'), 120),
('Server Rack Cabinet', '{"12U", "Ventilated"}', 250.00, 220.00, 'a2eebc99-9c0b-4ef8-bb6d-6bb9bd380a77', (select store_id from stores where store_name = 'Tech Haven'), (select category_id from categories where category_name = 'Industrial & Scientific'), (select subcategory_id from subcategories where subcategory_name = 'Safety & Security'), 5),
('Professional Audio Interface', '{"USB-C", "Studio Quality"}', 150.00, 130.00, 'a2eebc99-9c0b-4ef8-bb6d-6bb9bd380a77', (select store_id from stores where store_name = 'Tech Haven'), (select category_id from categories where category_name = 'Musical Instruments'), (select subcategory_id from subcategories where subcategory_name = 'Guitars'), 40),
('Coding Bootcamp Course', '{"Online Access", "Full Stack"}', 100.00, 90.00, 'a2eebc99-9c0b-4ef8-bb6d-6bb9bd380a77', (select store_id from stores where store_name = 'Tech Haven'), (select category_id from categories where category_name = 'Software'), (select subcategory_id from subcategories where subcategory_name = 'Productivity Software'), 150),
('Drone with 4K Camera', '{"GPS Return", "Long Flight Time"}', 500.00, 450.00, 'a2eebc99-9c0b-4ef8-bb6d-6bb9bd380a77', (select store_id from stores where store_name = 'Tech Haven'), (select category_id from categories where category_name = 'Electronics'), (select subcategory_id from subcategories where subcategory_name = 'Cameras & Photography'), 25),

-- New products for Fashion Forward
('Women''s Denim Jeans', '{"High-Waist", "Skinny Fit"}', 60.00, 50.00, '45eebc99-9c0b-4ef8-bb6d-6bb9bd380b00', (select store_id from stores where store_name = 'Fashion Forward'), (select category_id from categories where category_name = 'Clothing'), (select subcategory_id from subcategories where subcategory_name = 'Women''s Fashion'), 110),
('Men''s Polo Shirt', '{"Cotton Pique", "Classic Fit"}', 40.00, 35.00, '45eebc99-9c0b-4ef8-bb6d-6bb9bd380b00', (select store_id from stores where store_name = 'Fashion Forward'), (select category_id from categories where category_name = 'Clothing'), (select subcategory_id from subcategories where subcategory_name = 'Men''s Fashion'), 130),
('Kids'' Rain Boots', '{"Waterproof", "Fun Design"}', 30.00, 25.00, '45eebc99-9c0b-4ef8-bb6d-6bb9bd380b00', (select store_id from stores where store_name = 'Fashion Forward'), (select category_id from categories where category_name = 'Clothing'), (select subcategory_id from subcategories where subcategory_name = 'Kids'' Fashion'), 90),
('Ankle Boots Women''s', '{"Leather", "Block Heel"}', 85.00, 75.00, '45eebc99-9c0b-4ef8-bb6d-6bb9bd380b00', (select store_id from stores where store_name = 'Fashion Forward'), (select category_id from categories where category_name = 'Clothing'), (select subcategory_id from subcategories where subcategory_name = 'Footwear'), 65),
('Matte Lipstick Set', '{"Long-lasting", "Variety Pack"}', 35.00, 30.00, '45eebc99-9c0b-4ef8-bb6d-6bb9bd380b00', (select store_id from stores where store_name = 'Fashion Forward'), (select category_id from categories where category_name = 'Beauty Products'), (select subcategory_id from subcategories where subcategory_name = 'Makeup'), 150),
('Hair Straightener Ceramic', '{"Fast Heat-up", "Adjustable Temp"}', 50.00, 45.00, '45eebc99-9c0b-4ef8-bb6d-6bb9bd380b00', (select store_id from stores where store_name = 'Fashion Forward'), (select category_id from categories where category_name = 'Beauty Products'), (select subcategory_id from subcategories where subcategory_name = 'Haircare'), 80),
('Unisex Sunglasses UV400', '{"Polarized Lenses", "Classic Style"}', 25.00, 20.00, '45eebc99-9c0b-4ef8-bb6d-6bb9bd380b00', (select store_id from stores where store_name = 'Fashion Forward'), (select category_id from categories where category_name = 'Clothing'), (select subcategory_id from subcategories where subcategory_name = 'Women''s Fashion'), 200),
('Leather Belt Men''s', '{"Reversible", "Adjustable"}', 30.00, 25.00, '45eebc99-9c0b-4ef8-bb6d-6bb9bd380b00', (select store_id from stores where store_name = 'Fashion Forward'), (select category_id from categories where category_name = 'Clothing'), (select subcategory_id from subcategories where subcategory_name = 'Men''s Fashion'), 100),
('Body Lotion Hydrating', '{"Shea Butter", "Vanilla Scent"}', 15.00, 12.00, '45eebc99-9c0b-4ef8-bb6d-6bb9bd380b00', (select store_id from stores where store_name = 'Fashion Forward'), (select category_id from categories where category_name = 'Beauty Products'), (select subcategory_id from subcategories where subcategory_name = 'Skincare'), 220),
('Fashion Scarf Silk Blend', '{"Large Square", "Versatile"}', 20.00, 18.00, '45eebc99-9c0b-4ef8-bb6d-6bb9bd380b00', (select store_id from stores where store_name = 'Fashion Forward'), (select category_id from categories where category_name = 'Clothing'), (select subcategory_id from subcategories where subcategory_name = 'Women''s Fashion'), 140);

-- Fake data for orders
insert into public.orders (customer_id, store_id, total_amount) values
('b0eebc99-9c0b-4ef8-bb6d-6bb9bd380a22', (select store_id from stores where vendor_id = 'a0eebc99-9c0b-4ef8-bb6d-6bb9bd380a11' limit 1), 1100.00),
('d0eebc99-9c0b-4ef8-bb6d-6bb9bd380a44', (select store_id from stores where vendor_id = 'c0eebc99-9c0b-4ef8-bb6d-6bb9bd380a33' limit 1), 220.00),
('f1eebc99-9c0b-4ef8-bb6d-6bb9bd380a66', (select store_id from stores where vendor_id = 'e0eebc99-9c0b-4ef8-bb6d-6bb9bd380a55' limit 1), 80.00),
('14eebc99-9c0b-4ef8-bb6d-6bb9bd380a99', (select store_id from stores where vendor_id = 'a2eebc99-9c0b-4ef8-bb6d-6bb9bd380a77' limit 1), 280.00),
('b0eebc99-9c0b-4ef8-bb6d-6bb9bd380a22', (select store_id from stores where vendor_id = 'e3eebc99-9c0b-4ef8-bb6d-6bb9bd380a88' limit 1), 270.00),
('d0eebc99-9c0b-4ef8-bb6d-6bb9bd380a44', (select store_id from stores where vendor_id = '45eebc99-9c0b-4ef8-bb6d-6bb9bd380b00' limit 1), 60.00),
('f1eebc99-9c0b-4ef8-bb6d-6bb9bd380a66', (select store_id from stores where vendor_id = '14eebc99-9c0b-4ef8-bb6d-6bb9bd380a99' limit 1), 70.00),
('14eebc99-9c0b-4ef8-bb6d-6bb9bd380a99', (select store_id from stores where vendor_id = 'd0eebc99-9c0b-4ef8-bb6d-6bb9bd380a44' limit 1), 20.00),
('b0eebc99-9c0b-4ef8-bb6d-6bb9bd380a22', (select store_id from stores where vendor_id = 'a2eebc99-9c0b-4ef8-bb6d-6bb9bd380a77' limit 1), 1650.00),
('d0eebc99-9c0b-4ef8-bb6d-6bb9bd380a44', (select store_id from stores where vendor_id = '45eebc99-9c0b-4ef8-bb6d-6bb9bd380b00' limit 1), 50.00);

-- Fake data for order_items
insert into public.order_items (product_id, order_id, quantity, price_at_purchase) values
((select product_id from products where title = 'Laptop Pro X'), (select order_id from orders where customer_id = 'b0eebc99-9c0b-4ef8-bb6d-6bb9bd380a22' and store_id = (select store_id from stores where vendor_id = 'a0eebc99-9c0b-4ef8-bb6d-6bb9bd380a11' LIMIT 1) LIMIT 1), 1, 1100.00),
((select product_id from products where title = 'Classic Leather Jacket'), (select order_id from orders where customer_id = 'd0eebc99-9c0b-4ef8-bb6d-6bb9bd380a44' and store_id = (select store_id from stores where vendor_id = 'c0eebc99-9c0b-4ef8-bb6d-6bb9bd380a33' LIMIT 1) LIMIT 1), 1, 220.00),
((select product_id from products where title = 'Organic Skincare Kit'), (select order_id from orders where customer_id = 'f1eebc99-9c0b-4ef8-bb6d-6bb9bd380a66' and store_id = (select store_id from stores where vendor_id = 'e0eebc99-9c0b-4ef8-bb6d-6bb9bd380a55' LIMIT 1) LIMIT 1), 1, 80.00),
((select product_id from products where title = 'Curved Gaming Monitor'), (select order_id from orders where customer_id = '14eebc99-9c0b-4ef8-bb6d-6bb9bd380a99' and store_id = (select store_id from stores where vendor_id = 'a2eebc99-9c0b-4ef8-bb6d-6bb9bd380a77' LIMIT 1) LIMIT 1), 1, 280.00),
((select product_id from products where title = 'Evening Gown Elegant'), (select order_id from orders where customer_id = 'b0eebc99-9c0b-4ef8-bb6d-6bb9bd380a22' and store_id = (select store_id from stores where vendor_id = 'e3eebc99-9c0b-4ef8-bb6d-6bb9bd380a88' LIMIT 1) LIMIT 1), 1, 270.00),
((select product_id from products where title = 'Coffee Maker Drip'), (select order_id from orders where customer_id = 'd0eebc99-9c0b-4ef8-bb6d-6bb9bd380a44' and store_id = (select store_id from stores where vendor_id = '45eebc99-9c0b-4ef8-bb6d-6bb9bd380b00' LIMIT 1) LIMIT 1), 1, 60.00),
((select product_id from products where title = 'Travel Backpack 40L'), (select order_id from orders where customer_id = 'f1eebc99-9c0b-4ef8-bb6d-6bb9bd380a66' and store_id = (select store_id from stores where vendor_id = '14eebc99-9c0b-4ef8-bb6d-6bb9bd380a99' LIMIT 1) LIMIT 1), 1, 70.00),
((select product_id from products where title = 'Hand-painted Ceramic Mug'), (select order_id from orders where customer_id = '14eebc99-9c0b-4ef8-bb6d-6bb9bd380a99' and store_id = (select store_id from stores where vendor_id = 'd0eebc99-9c0b-4ef8-bb6d-6bb9bd380a44' LIMIT 1) LIMIT 1), 1, 20.00),
((select product_id from products where title = 'High-Performance Gaming Laptop'), (select order_id from orders where customer_id = 'b0eebc99-9c0b-4ef8-bb6d-6bb9bd380a22' and store_id = (select store_id from stores where vendor_id = 'a2eebc99-9c0b-4ef8-bb6d-6bb9bd380a77' LIMIT 1) LIMIT 1), 1, 1650.00),
((select product_id from products where title = 'Women''s Denim Jeans'), (select order_id from orders where customer_id = 'd0eebc99-9c0b-4ef8-bb6d-6bb9bd380a44' and store_id = (select store_id from stores where vendor_id = '45eebc99-9c0b-4ef8-bb6d-6bb9bd380b00' LIMIT 1) LIMIT 1), 1, 50.00);

-- Fake data for product_reviews
insert into public.product_reviews (order_item_id, rating, customer_id, customer_remark) values
((select order_item_id from order_items where product_id = (select product_id from products where title = 'Laptop Pro X') and order_id = (select order_id from orders where customer_id = 'b0eebc99-9c0b-4ef8-bb6d-6bb9bd380a22' and store_id = (select store_id from stores where vendor_id = 'a0eebc99-9c0b-4ef8-bb6d-6bb9bd380a11' LIMIT 1) LIMIT 1) LIMIT 1), 4.50, 'b0eebc99-9c0b-4ef8-bb6d-6bb9bd380a22', 'Great laptop, very fast!'),
((select order_item_id from order_items where product_id = (select product_id from products where title = 'Classic Leather Jacket') and order_id = (select order_id from orders where customer_id = 'd0eebc99-9c0b-4ef8-bb6d-6bb9bd380a44' and store_id = (select store_id from stores where vendor_id = 'c0eebc99-9c0b-4ef8-bb6d-6bb9bd380a33' LIMIT 1) LIMIT 1) LIMIT 1), 5.00, 'd0eebc99-9c0b-4ef8-bb6d-6bb9bd380a44', 'High quality leather, perfect fit.'),
((select order_item_id from order_items where product_id = (select product_id from products where title = 'Organic Skincare Kit') and order_id = (select order_id from orders where customer_id = 'f1eebc99-9c0b-4ef8-bb6d-6bb9bd380a66' and store_id = (select store_id from stores where vendor_id = 'e0eebc99-9c0b-4ef8-bb6d-6bb9bd380a55' LIMIT 1) LIMIT 1) LIMIT 1), 4.00, 'f1eebc99-9c0b-4ef8-bb6d-6bb9bd380a66', 'Good product, but a bit pricey.'),
((select order_item_id from order_items where product_id = (select product_id from products where title = 'Curved Gaming Monitor') and order_id = (select order_id from orders where customer_id = '14eebc99-9c0b-4ef8-bb6d-6bb9bd380a99' and store_id = (select store_id from stores where vendor_id = 'a2eebc99-9c0b-4ef8-bb6d-6bb9bd380a77' LIMIT 1) LIMIT 1) LIMIT 1), 4.80, '14eebc99-9c0b-4ef8-bb6d-6bb9bd380a99', 'Amazing display for gaming!'),
((select order_item_id from order_items where product_id = (select product_id from products where title = 'Evening Gown Elegant') and order_id = (select order_id from orders where customer_id = 'b0eebc99-9c0b-4ef8-bb6d-6bb9bd380a22' and store_id = (select store_id from stores where vendor_id = 'e3eebc99-9c0b-4ef8-bb6d-6bb9bd380a88' LIMIT 1) LIMIT 1) LIMIT 1), 5.00, 'b0eebc99-9c0b-4ef8-bb6d-6bb9bd380a22', 'Absolutely stunning dress, exceeded expectations.'),
((select order_item_id from order_items where product_id = (select product_id from products where title = 'Coffee Maker Drip') and order_id = (select order_id from orders where customer_id = 'd0eebc99-9c0b-4ef8-bb6d-6bb9bd380a44' and store_id = (select store_id from stores where vendor_id = '45eebc99-9c0b-4ef8-bb6d-6bb9bd380b00' limit 1) LIMIT 1) LIMIT 1), 3.50, 'd0eebc99-9c0b-4ef8-bb6d-6bb9bd380a44', 'Works well, but a bit slow.'),
((select order_item_id from order_items where product_id = (select product_id from products where title = 'Travel Backpack 40L') and order_id = (select order_id from orders where customer_id = 'f1eebc99-9c0b-4ef8-bb6d-6bb9bd380a66' and store_id = (select store_id from stores where vendor_id = '14eebc99-9c0b-4ef8-bb6d-6bb9bd380a99' LIMIT 1) LIMIT 1) LIMIT 1), 4.20, 'f1eebc99-9c0b-4ef8-bb6d-6bb9bd380a66', 'Spacious and comfortable for travel.'),
((select order_item_id from order_items where product_id = (select product_id from products where title = 'Hand-painted Ceramic Mug') and order_id = (select order_id from orders where customer_id = '14eebc99-9c0b-4ef8-bb6d-6bb9bd380a99' and store_id = (select store_id from stores where vendor_id = 'd0eebc99-9c0b-4ef8-bb6d-6bb9bd380a44' LIMIT 1) LIMIT 1) LIMIT 1), 4.90, '14eebc99-9c0b-4ef8-bb6d-6bb9bd380a99', 'Beautiful craftsmanship, love it!'),
((select order_item_id from order_items where product_id = (select product_id from products where title = 'High-Performance Gaming Laptop') and order_id = (select order_id from orders where customer_id = 'b0eebc99-9c0b-4ef8-bb6d-6bb9bd380a22' and store_id = (select store_id from stores where vendor_id = 'a2eebc99-9c0b-4ef8-bb6d-6bb9bd380a77' LIMIT 1) LIMIT 1) LIMIT 1), 4.70, 'b0eebc99-9c0b-4ef8-bb6d-6bb9bd380a22', 'Super powerful, runs all games smoothly.'),
((select order_item_id from order_items where product_id = (select product_id from products where title = 'Women''s Denim Jeans') and order_id = (select order_id from orders where customer_id = 'd0eebc99-9c0b-4ef8-bb6d-6bb9bd380a44' and store_id = (select store_id from stores where vendor_id = '45eebc99-9c0b-4ef8-bb6d-6bb9bd380b00' LIMIT 1) LIMIT 1) LIMIT 1), 4.00, 'd0eebc99-9c0b-4ef8-bb6d-6bb9bd380a44', 'Comfortable and stylish, good value.');

-- Fake data for product_media
insert into public.product_media (product_id, filename, filepath, description, is_display_image, is_landing_image, filetype) values
((select product_id from products where title = 'Laptop Pro X'), 'Laptop_Pro_X', 'sellit-media/Laptop_Pro_X', '{"16GB RAM", "512GB SSD", "Intel i7"}', true, false, 'image'),
((select product_id from products where title = 'Smartphone Ultra'), 'Smartphone_Ultra', 'sellit-media/Smartphone_Ultra', '{"6.7 inch display", "128GB storage", "Dual Camera"}', true, false, 'image'),
((select product_id from products where title = 'Wireless Headphones'), 'Wireless_Headphones', 'sellit-media/Wireless_Headphones', '{"Noise Cancelling", "20-hour battery life"}', true, false, 'image'),
((select product_id from products where title = 'Classic Leather Jacket'), 'Classic_Leather_Jacket', 'sellit-media/Classic_Leather_Jacket', '{"Genuine Leather", "Black"}', true, false, 'image'),
((select product_id from products where title = 'Fantasy Novel Set'), 'Fantasy_Novel_Set', 'sellit-media/Fantasy_Novel_Set', '{"J.R.R. Tolkien", "Fantasy"}', true, false, 'image'),
((select product_id from products where title = 'Organic Skincare Kit'), 'Organic_Skincare_Kit', 'sellit-media/Organic_Skincare_Kit', '{"Anti-aging", "Vitamin C", "Hyaluronic Acid"}', true, false, 'image'),
((select product_id from products where title = 'Gaming PC'), 'Gaming_PC', 'sellit-media/Gaming_PC', '{"AMD Ryzen 9", "NVIDIA RTX 3080"}', true, false, 'image'),
((select product_id from products where title = 'Smart Home Hub'), 'Smart_Home_Hub', 'sellit-media/Smart_Home_Hub', '{"Alexa, Google Assistant", "Voice Control", "Automation"}', true, false, 'image'),
((select product_id from products where title = 'Plush Toy Bear'), 'Plush_Toy_Bear', 'sellit-media/Plush_Toy_Bear', '{"Large", "Soft Plush"}', true, false, 'image'),
((select product_id from products where title = 'Yoga Mat Eco-Friendly'), 'Yoga_Mat_Eco-Friendly', 'sellit-media/Yoga_Mat_Eco-Friendly', '{"Natural Rubber", "6mm"}', true, false, 'image'),
((select product_id from products where title = 'Smartwatch Series 7'), 'Smartwatch_Series_7', 'sellit-media/Smartwatch_Series_7', '{"GPS", "Heart Rate Monitor"}', true, false, 'image'),
((select product_id from products where title = '4K Smart TV 55"'), '4K_Smart_TV_55', 'sellit-media/4K_Smart_TV_55', '{"HDR", "Voice Control"}', true, false, 'image'),
((select product_id from products where title = 'Gaming Mouse RGB'), 'Gaming_Mouse_RGB', 'sellit-media/Gaming_Mouse_RGB', '{"Programmable Buttons", "High DPI"}', true, false, 'image'),
((select product_id from products where title = 'Portable Bluetooth Speaker'), 'Portable_Bluetooth_Speaker', 'sellit-media/Portable_Bluetooth_Speaker', '{"Waterproof", "10-hour playtime"}', true, false, 'image'),
((select product_id from products where title = 'Digital Camera DSLR'), 'Digital_Camera_DSLR', 'sellit-media/Digital_Camera_DSLR', '{"24MP", "4K Video"}', true, false, 'image'),
((select product_id from products where title = 'Robot Vacuum Cleaner'), 'Robot_Vacuum_Cleaner', 'sellit-media/Robot_Vacuum_Cleaner', '{"Smart Mapping", "App Control"}', true, false, 'image'),
((select product_id from products where title = 'Air Fryer XL'), 'Air_Fryer_XL', 'sellit-media/Air_Fryer_XL', '{"5.8 Quart", "Digital Display"}', true, false, 'image'),
((select product_id from products where title = 'External SSD 1TB'), 'External_SSD_1TB', 'sellit-media/External_SSD_1TB', '{"USB 3.1", "Fast Transfer"}', true, false, 'image'),
((select product_id from products where title = 'Noise Cancelling Earbuds'), 'Noise_Cancelling_Earbuds', 'sellit-media/Noise_Cancelling_Earbuds', '{"True Wireless", "Active Noise Cancellation"}', true, false, 'image'),
((select product_id from products where title = 'Smart Light Bulbs 4-Pack'), 'Smart_Light_Bulbs_4-Pack', 'sellit-media/Smart_Light_Bulbs_4-Pack', '{"Dimmable", "Color Changing"}', true, false, 'image'),
((select product_id from products where title = 'Women''s Summer Dress'), 'Womens_Summer_Dress', 'sellit-media/Womens_Summer_Dress', '{"Floral Print", "Cotton"}', true, false, 'image'),
((select product_id from products where title = 'Men''s Casual Shirt'), 'Mens_Casual_Shirt', 'sellit-media/Mens_Casual_Shirt', '{"Linen Blend", "Button-down"}', true, false, 'image'),
((select product_id from products where title = 'Children''s Story Book'), 'Childrens_Story_Book', 'sellit-media/Childrens_Story_Book', '{"Illustrated", "Ages 3-6"}', true, false, 'image'),
((select product_id from products where title = 'Sci-Fi Paperback Novel'), 'Sci-Fi_Paperback_Novel', 'sellit-media/Sci-Fi_Paperback_Novel', '{"Dystopian", "Award-winning"}', true, false, 'image'),
((select product_id from products where title = 'Board Game Strategy'), 'Board_Game_Strategy', 'sellit-media/Board_Game_Strategy', '{"Family Fun", "Ages 10+"}', true, false, 'image'),
((select product_id from products where title = 'Building Blocks Set'), 'Building_Blocks_Set', 'sellit-media/Building_Blocks_Set', '{"Creative Play", "500 pieces"}', true, false, 'image'),
((select product_id from products where title = 'Running Shoes Men''s'), 'Running_Shoes_Mens', 'sellit-media/Running_Shoes_Mens', '{"Breathable Mesh", "Cushioned Sole"}', true, false, 'image'),
((select product_id from products where title = 'Classic Literature Collection'), 'Classic_Literature_Collection', 'sellit-media/Classic_Literature_Collection', '{"Hardcover", "Complete Works"}', true, false, 'image'),
((select product_id from products where title = 'Kids'' Backpack Animal Design'), 'Kids_Backpack_Animal_Design', 'sellit-media/Kids_Backpack_Animal_Design', '{"Durable", "Water-resistant"}', true, false, 'image'),
((select product_id from products where title = 'Puzzle 1000 Pieces'), 'Puzzle_1000_Pieces', 'sellit-media/Puzzle_1000_Pieces', '{"Landscape Scene", "Challenging"}', true, false, 'image'),
((select product_id from products where title = 'Vitamin D3 Supplements'), 'Vitamin_D3_Supplements', 'sellit-media/Vitamin_D3_Supplements', '{"5000 IU", "120 Softgels"}', true, false, 'image'),
((select product_id from products where title = 'All-Purpose Cleaner'), 'All-Purpose_Cleaner', 'sellit-media/All-Purpose_Cleaner', '{"Eco-Friendly", "Lemon Scent"}', true, false, 'image'),
((select product_id from products where title = 'PS5 Game - Adventure'), 'PS5_Game_-_Adventure', 'sellit-media/PS5_Game_-_Adventure', '{"Open World", "Single Player"}', true, false, 'image'),
((select product_id from products where title = 'Xbox Series X Game - RPG'), 'Xbox_Series_X_Game_-_RPG', 'sellit-media/Xbox_Series_X_Game_-_RPG', '{"Multiplayer", "Fantasy"}', true, false, 'image'),
((select product_id from products where title = 'Sunscreen SPF 50'), 'Sunscreen_SPF_50', 'sellit-media/Sunscreen_SPF_50', '{"Water Resistant", "Non-Greasy"}', true, false, 'image'),
((select product_id from products where title = 'Hair Dryer Professional'), 'Hair_Dryer_Professional', 'sellit-media/Hair_Dryer_Professional', '{"Ionic Technology", "Fast Drying"}', true, false, 'image'),
((select product_id from products where title = 'Camping Tent 2-Person'), 'Camping_Tent_2-Person', 'sellit-media/Camping_Tent_2-Person', '{"Lightweight", "Easy Setup"}', true, false, 'image'),
((select product_id from products where title = 'Dumbbell Set Adjustable'), 'Dumbbell_Set_Adjustable', 'sellit-media/Dumbbell_Set_Adjustable', '{"5-50 lbs", "Compact Design"}', true, false, 'image'),
((select product_id from products where title = 'Facial Cleansing Brush'), 'Facial_Cleansing_Brush', 'sellit-media/Facial_Cleansing_Brush', '{"Deep Cleanse", "Rechargeable"}', true, false, 'image'),
((select product_id from products where title = 'PC Gaming Headset'), 'PC_Gaming_Headset', 'sellit-media/PC_Gaming_Headset', '{"Surround Sound", "Noise Cancelling Mic"}', true, false, 'image'),
((select product_id from products where title = 'Curved Gaming Monitor'), 'Curved_Gaming_Monitor', 'sellit-media/Curved_Gaming_Monitor', '{"144Hz", "27 inch"}', true, false, 'image'),
((select product_id from products where title = 'Wireless Keyboard and Mouse Combo'), 'Wireless_Keyboard_and_Mouse_Combo', 'sellit-media/Wireless_Keyboard_and_Mouse_Combo', '{"Ergonomic", "Long Battery Life"}', true, false, 'image'),
((select product_id from products where title = 'Antivirus Software 1-Year'), 'Antivirus_Software_1-Year', 'sellit-media/Antivirus_Software_1-Year', '{"Real-time Protection", "Multi-device"}', true, false, 'image'),
((select product_id from products where title = 'Operating System Home Edition'), 'Operating_System_Home_Edition', 'sellit-media/Operating_System_Home_Edition', '{"Latest Version", "Digital License"}', true, false, 'image'),
((select product_id from products where title = 'Webcam Full HD'), 'Webcam_Full_HD', 'sellit-media/Webcam_Full_HD', '{"1080p", "Built-in Mic"}', true, false, 'image'),
((select product_id from products where title = 'Network Router Wi-Fi 6'), 'Network_Router_Wi-Fi_6', 'sellit-media/Network_Router_Wi-Fi_6', '{"Dual Band", "High Speed"}', true, false, 'image'),
((select product_id from products where title = 'Laser Printer Wireless'), 'Laser_Printer_Wireless', 'sellit-media/Laser_Printer_Wireless', '{"Monochrome", "Fast Printing"}', true, false, 'image'),
((select product_id from products where title = 'Projector Mini Portable'), 'Projector_Mini_Portable', 'sellit-media/Projector_Mini_Portable', '{"HD Ready", "HDMI Input"}', true, false, 'image'),
((select product_id from products where title = 'Graphic Design Software'), 'Graphic_Design_Software', 'sellit-media/Graphic_Design_Software', '{"Professional Tools", "Subscription"}', true, false, 'image'),
((select product_id from products where title = 'Ergonomic Office Chair'), 'Ergonomic_Office_Chair', 'sellit-media/Ergonomic_Office_Chair', '{"Adjustable Lumbar", "Mesh Back"}', true, false, 'image'),
((select product_id from products where title = 'Evening Gown Elegant'), 'Evening_Gown_Elegant', 'sellit-media/Evening_Gown_Elegant', '{"Silk Blend", "Floor Length"}', true, false, 'image'),
((select product_id from products where title = 'Men''s Dress Shoes'), 'Mens_Dress_Shoes', 'sellit-media/Mens_Dress_Shoes', '{"Genuine Leather", "Oxford Style"}', true, false, 'image'),
((select product_id from products where title = 'Luxury Perfume 100ml'), 'Luxury_Perfume_100ml', 'sellit-media/Luxury_Perfume_100ml', '{"Floral Scent", "Long Lasting"}', true, false, 'image'),
((select product_id from products where title = 'Handmade Silver Necklace'), 'Handmade_Silver_Necklace', 'sellit-media/Handmade_Silver_Necklace', '{"Sterling Silver", "Unique Design"}', true, false, 'image'),
((select product_id from products where title = 'Artisanal Ceramic Vase'), 'Artisanal_Ceramic_Vase', 'sellit-media/Artisanal_Ceramic_Vase', '{"Hand-painted", "Modern Design"}', true, false, 'image'),
((select product_id from products where title = 'Kids'' Winter Coat'), 'Kids_Winter_Coat', 'sellit-media/Kids_Winter_Coat', '{"Waterproof", "Warm Lining"}', true, false, 'image'),
((select product_id from products where title = 'Premium Makeup Brush Set'), 'Premium_Makeup_Brush_Set', 'sellit-media/Premium_Makeup_Brush_Set', '{"Synthetic Bristles", "12 Pieces"}', true, false, 'image'),
((select product_id from products where title = 'Hand-knitted Scarf'), 'Hand-knitted_Scarf', 'sellit-media/Hand-knitted_Scarf', '{"Merino Wool", "Soft Texture"}', true, false, 'image'),
((select product_id from products where title = 'Designer Handbag'), 'Designer_Handbag', 'sellit-media/Designer_Handbag', '{"Genuine Leather", "Crossbody"}', true, false, 'image'),
((select product_id from products where title = 'Organic Lip Balm Set'), 'Organic_Lip_Balm_Set', 'sellit-media/Organic_Lip_Balm_Set', '{"Natural Ingredients", "Moisturizing"}', true, false, 'image'),
((select product_id from products where title = 'Coffee Maker Drip'), 'Coffee_Maker_Drip', 'sellit-media/Coffee_Maker_Drip', '{"12-Cup Capacity", "Programmable"}', true, false, 'image'),
((select product_id from products where title = 'Outdoor Patio Set'), 'Outdoor_Patio_Set', 'sellit-media/Outdoor_Patio_Set', '{"Rattan", "4-Piece"}', true, false, 'image'),
((select product_id from products where title = 'Acrylic Paint Set'), 'Acrylic_Paint_Set', 'sellit-media/Acrylic_Paint_Set', '{"24 Colors", "Non-toxic"}', true, false, 'image'),
((select product_id from products where title = 'Sewing Machine Beginner'), 'Sewing_Machine_Beginner', 'sellit-media/Sewing_Machine_Beginner', '{"Portable", "Multiple Stitches"}', true, false, 'image'),
((select product_id from products where title = 'Garden Hose Expandable'), 'Garden_Hose_Expandable', 'sellit-media/Garden_Hose_Expandable', '{"50ft", "No-kink"}', true, false, 'image'),
((select product_id from products where title = 'Blender High-Speed'), 'Blender_High-Speed', 'sellit-media/Blender_High-Speed', '{"Smoothie Maker", "Ice Crushing"}', true, false, 'image'),
((select product_id from products where title = 'Wall Art Canvas Print'), 'Wall_Art_Canvas_Print', 'sellit-media/Wall_Art_Canvas_Print', '{"Abstract Design", "Large Size"}', true, false, 'image'),
((select product_id from products where title = 'Gardening Gloves Durable'), 'Gardening_Gloves_Durable', 'sellit-media/Gardening_Gloves_Durable', '{"Leather Palm", "Breathable"}', true, false, 'image'),
((select product_id from products where title = 'Embroidery Kit Beginner'), 'Embroidery_Kit_Beginner', 'sellit-media/Embroidery_Kit_Beginner', '{"Hoop, Thread, Fabric"}', true, false, 'image'),
((select product_id from products where title = 'Cookware Set Non-Stick'), 'Cookware_Set_Non-Stick', 'sellit-media/Cookware_Set_Non-Stick', '{"10-Piece", "Dishwasher Safe"}', true, false, 'image'),
((select product_id from products where title = 'Travel Backpack 40L'), 'Travel_Backpack_40L', 'sellit-media/Travel_Backpack_40L', '{"Waterproof", "Laptop Compartment"}', true, false, 'image'),
((select product_id from products where title = 'Universal Power Adapter'), 'Universal_Power_Adapter', 'sellit-media/Universal_Power_Adapter', '{"Worldwide Compatibility", "USB Ports"}', true, false, 'image'),
((select product_id from products where title = 'Gourmet Coffee Beans 1lb'), 'Gourmet_Coffee_Beans_1lb', 'sellit-media/Gourmet_Coffee_Beans_1lb', '{"Single Origin", "Medium Roast"}', true, false, 'image'),
((select product_id from products where title = 'World Map Wall Decal'), 'World_Map_Wall_Decal', 'sellit-media/World_Map_Wall_Decal', '{"Peel & Stick", "Educational"}', true, false, 'image'),
((select product_id from products where title = 'Portable Water Filter'), 'Portable_Water_Filter', 'sellit-media/Portable_Water_Filter', '{"Outdoor Use", "Emergency"}', true, false, 'image'),
((select product_id from products where title = 'International Cookbook'), 'International_Cookbook', 'sellit-media/International_Cookbook', '{"Recipes from Around the World", "Hardcover"}', true, false, 'image'),
((select product_id from products where title = 'Yoga Blocks 2-Pack'), 'Yoga_Blocks_2-Pack', 'sellit-media/Yoga_Blocks_2-Pack', '{"High Density Foam", "Support"}', true, false, 'image'),
((select product_id from products where title = 'Digital Luggage Scale'), 'Digital_Luggage_Scale', 'sellit-media/Digital_Luggage_Scale', '{"Accurate", "Compact"}', true, false, 'image'),
((select product_id from products where title = 'Reusable Shopping Bags 5-Pack'), 'Reusable_Shopping_Bags_5-Pack', 'sellit-media/Reusable_Shopping_Bags_5-Pack', '{"Foldable", "Durable"}', true, false, 'image'),
((select product_id from products where title = 'Multi-tool Pocket Knife'), 'Multi-tool_Pocket_Knife', 'sellit-media/Multi-tool_Pocket_Knife', '{"Stainless Steel", "15 Functions"}', true, false, 'image'),
((select product_id from products where title = 'Hand-painted Ceramic Mug'), 'Hand-painted_Ceramic_Mug', 'sellit-media/Hand-painted_Ceramic_Mug', '{"Unique Design", "Dishwasher Safe"}', true, false, 'image'),
((select product_id from products where title = 'Custom Engraved Wooden Sign'), 'Custom_Engraved_Wooden_Sign', 'sellit-media/Custom_Engraved_Wooden_Sign', '{"Personalized", "Home Decor"}', true, false, 'image'),
((select product_id from products where title = 'Oil Painting Kit Advanced'), 'Oil_Painting_Kit_Advanced', 'sellit-media/Oil_Painting_Kit_Advanced', '{"Canvas, Brushes, Paints"}', true, false, 'image'),
((select product_id from products where title = 'Sculpting Clay Set'), 'Sculpting_Clay_Set', 'sellit-media/Sculpting_Clay_Set', '{"Non-toxic", "Modeling Tools"}', true, false, 'image'),
((select product_id from products where title = 'Vintage Coin Collection'), 'Vintage_Coin_Collection', 'sellit-media/Vintage_Coin_Collection', '{"Rare Finds", "Certificate of Authenticity"}', true, false, 'image'),
((select product_id from products where title = 'Collectible Stamps Album'), 'Collectible_Stamps_Album', 'sellit-media/Collectible_Stamps_Album', '{"Worldwide Stamps", "Historical"}', true, false, 'image'),
((select product_id from products where title = 'Hand-stitched Leather Wallet'), 'Hand-stitched_Leather_Wallet', 'sellit-media/Hand-stitched_Leather_Wallet', '{"Full Grain Leather", "Slim Design"}', true, false, 'image'),
((select product_id from products where title = 'Calligraphy Pen Set'), 'Calligraphy_Pen_Set', 'sellit-media/Calligraphy_Pen_Set', '{"Ink, Nibs, Paper"}', true, false, 'image'),
((select product_id from products where title = 'Hand-blown Glass Figurine'), 'Hand-blown_Glass_Figurine', 'sellit-media/Hand-blown_Glass_Figurine', '{"Art Glass", "Decorative"}', true, false, 'image'),
((select product_id from products where title = 'DIY Jewelry Making Kit'), 'DIY_Jewelry_Making_Kit', 'sellit-media/DIY_Jewelry_Making_Kit', '{"Beads, Charms, Tools"}', true, false, 'image'),
((select product_id from products where title = 'High-Performance Gaming Laptop'), 'High-Performance_Gaming_Laptop', 'sellit-media/High-Performance_Gaming_Laptop', '{"RTX 4070", "1TB SSD"}', true, false, 'image'),
((select product_id from products where title = 'VR Headset Advanced'), 'VR_Headset_Advanced', 'sellit-media/VR_Headset_Advanced', '{"Immersive Experience", "Wireless"}', true, false, 'image'),
((select product_id from products where title = 'Data Recovery Software'), 'Data_Recovery_Software', 'sellit-media/Data_Recovery_Software', '{"Lost Files", "Easy to Use"}', true, false, 'image'),
((select product_id from products where title = 'Laboratory Microscope Digital'), 'Laboratory_Microscope_Digital', 'sellit-media/Laboratory_Microscope_Digital', '{"1000x Magnification", "USB Output"}', true, false, 'image'),
((select product_id from products where title = '3D Printer Desktop'), '3D_Printer_Desktop', 'sellit-media/3D_Printer_Desktop', '{"High Precision", "Filament Included"}', true, false, 'image'),
((select product_id from products where title = 'Smart Home Security Camera'), 'Smart_Home_Security_Camera', 'sellit-media/Smart_Home_Security_Camera', '{"Motion Detection", "Night Vision"}', true, false, 'image'),
((select product_id from products where title = 'Server Rack Cabinet'), 'Server_Rack_Cabinet', 'sellit-media/Server_Rack_Cabinet', '{"12U", "Ventilated"}', true, false, 'image'),
((select product_id from products where title = 'Professional Audio Interface'), 'Professional_Audio_Interface', 'sellit-media/Professional_Audio_Interface', '{"USB-C", "Studio Quality"}', true, false, 'image'),
((select product_id from products where title = 'Coding Bootcamp Course'), 'Coding_Bootcamp_Course', 'sellit-media/Coding_Bootcamp_Course', '{"Online Access", "Full Stack"}', true, false, 'image'),
((select product_id from products where title = 'Drone with 4K Camera'), 'Drone_with_4K_Camera', 'sellit-media/Drone_with_4K_Camera', '{"GPS Return", "Long Flight Time"}', true, false, 'image'),
((select product_id from products where title = 'Women''s Denim Jeans'), 'Womens_Denim_Jeans', 'sellit-media/Womens_Denim_Jeans', '{"High-Waist", "Skinny Fit"}', true, false, 'image'),
((select product_id from products where title = 'Men''s Polo Shirt'), 'Mens_Polo_Shirt', 'sellit-media/Mens_Polo_Shirt', '{"Cotton Pique", "Classic Fit"}', true, false, 'image'),
((select product_id from products where title = 'Kids'' Rain Boots'), 'Kids_Rain_Boots', 'sellit-media/Kids_Rain_Boots', '{"Waterproof", "Fun Design"}', true, false, 'image'),
((select product_id from products where title = 'Ankle Boots Women''s'), 'Ankle_Boots_Womens', 'sellit-media/Ankle_Boots_Womens', '{"Leather", "Block Heel"}', true, false, 'image'),
((select product_id from products where title = 'Matte Lipstick Set'), 'Matte_Lipstick_Set', 'sellit-media/Matte_Lipstick_Set', '{"Long-lasting", "Variety Pack"}', true, false, 'image'),
((select product_id from products where title = 'Hair Straightener Ceramic'), 'Hair_Straightener_Ceramic', 'sellit-media/Hair_Straightener_Ceramic', '{"Fast Heat-up", "Adjustable Temp"}', true, false, 'image'),
((select product_id from products where title = 'Unisex Sunglasses UV400'), 'Unisex_Sunglasses_UV400', 'sellit-media/Unisex_Sunglasses_UV400', '{"Polarized Lenses", "Classic Style"}', true, false, 'image'),
((select product_id from products where title = 'Leather Belt Men''s'), 'Leather_Belt_Mens', 'sellit-media/Leather_Belt_Mens', '{"Reversible", "Adjustable"}', true, false, 'image'),
((select product_id from products where title = 'Body Lotion Hydrating'), 'Body_Lotion_Hydrating', 'sellit-media/Body_Lotion_Hydrating', '{"Shea Butter", "Vanilla Scent"}', true, false, 'image'),
((select product_id from products where title = 'Fashion Scarf Silk Blend'), 'Fashion_Scarf_Silk_Blend', 'sellit-media/Fashion_Scarf_Silk_Blend', '{"Large Square", "Versatile"}', true, false, 'image');

