product_id	filename	filepath	description	is_display_image is_landing_image	is_video
1119	81TtgFNJrGL418552.7848438508	sellit-media/81TtgFNJrGL418552.7848438508	null	t	f	f
1120	718hIUhKzeL3009507.5195764354	sellit-media/718hIUhKzeL3009507.5195764354	null	t	f	f
1121	61wYl1RtGOL9231957.982710768	sellit-media/61wYl1RtGOL9231957.982710768	null	t	f	f
1122	71jTFnk7XiL1121920.5005176326	sellit-media/71jTFnk7XiL1121920.5005176326	null	t	f	f
1123	71+1lOl1Y1L3856614.2669947776	sellit-media/71+1lOl1Y1L3856614.2669947776	null	t	f	f
1124	71g9X7W9K3L966393.0748943362	sellit-media/71g9X7W9K3L966393.0748943362	null	t	f	f
1125	81zcUyiNcUL334720.8708901839	sellit-media/81zcUyiNcUL334720.8708901839	null	t	f	f
1126	71JqyTBiXrL6184326.879878803	sellit-media/71JqyTBiXrL6184326.879878803	null	t	f	f
1127	81sq-a+suJL9319206.402410729	sellit-media/81sq-a+suJL9319206.402410729	null	t	f	f
1128	415G0bg-hiL3753686.5385182328	sellit-media/415G0bg-hiL3753686.5385182328	null	t	f	f
1129	71CR6drcruL8264185.217663555	sellit-media/71CR6drcruL8264185.217663555	null	t	f	f
1130	71PRmI5eCqL177904.29485340597	sellit-media/71PRmI5eCqL177904.29485340597	null	t	f	f
1131	713RkW3M4IL6384784.895089229	sellit-media/713RkW3M4IL6384784.895089229	null	t	f	f
1132	61wYl1RtGOL6446907.564543387	sellit-media/61wYl1RtGOL6446907.564543387	null	t	f	f
1133	819hAP4xoGS2203194.004285389	sellit-media/819hAP4xoGS2203194.004285389	null	t	f	f
1134	71tXLOE7wIL9287802.797393851	sellit-media/71tXLOE7wIL9287802.797393851	null	t	f	f
1135	91pjZAMbEUS7125700.052867714	sellit-media/91pjZAMbEUS7125700.052867714	null	t	f	f
1136	71ctRE34RuL5204137.385765131	sellit-media/71ctRE34RuL5204137.385765131	null	t	f	f
1137	6142LSpf6xL6765895.0285637975	sellit-media/6142LSpf6xL6765895.0285637975	null	t	f	f
1138	814KnXVtcsL6635447.518282147	sellit-media/814KnXVtcsL6635447.518282147	null	t	f	f
1139	71v0BQo8T8L271303.43483533716	sellit-media/71v0BQo8T8L271303.43483533716	null	t	f	f
1140	71k1LmLaj4L95380.19149186283	sellit-media/71k1LmLaj4L95380.19149186283	null	t	f	f
1141	81J9wwm9WxL6877218.0877416255	sellit-media/81J9wwm9WxL6877218.0877416255	null	t	f	f
1142	71gx1HNTj1L2047133.1065499121	sellit-media/71gx1HNTj1L2047133.1065499121	null	t	f	f
1143	81K1NR+8WjL8030137.202403758	sellit-media/81K1NR+8WjL8030137.202403758	null	t	f	f
1144	61e2XEOJLGL6037076.145519222	sellit-media/61e2XEOJLGL6037076.145519222	null	t	f	f
1145	71FLsWWmE8L8347590.125933764	sellit-media/71FLsWWmE8L8347590.125933764	null	t	f	f
1146	71pvhTrmZDL7318970.931085933	sellit-media/71pvhTrmZDL7318970.931085933	null	t	f	f
1147	813Nab75aQL7786290.253348942	sellit-media/813Nab75aQL7786290.253348942	null	t	f	f
1148	71ZEPs9Y7CL3809654.567924241	sellit-media/71ZEPs9Y7CL3809654.567924241	null	t	f	f
1149	71Sp6M--UpL59049.198058740425	sellit-media/71Sp6M--UpL59049.198058740425	null	t	f	f
1150	71uu-S9fsCL4536857.740087241	sellit-media/71uu-S9fsCL4536857.740087241	null	t	f	f
1151	815cAIRfKjL5343002.155078462	sellit-media/815cAIRfKjL5343002.155078462	null	t	f	f
1152	815cAIRfKjL5549795.540806184	sellit-media/815cAIRfKjL5549795.540806184	null	t	f	f
1153	71Sp6M--UpL1590096.3150233482	sellit-media/71Sp6M--UpL1590096.3150233482	null	t	f	f
1154	61wgnuIJDEL3161286.2288960274	sellit-media/61wgnuIJDEL3161286.2288960274	null	t	f	f
1155	711+0tgn+6L3537191.392369321	sellit-media/711+0tgn+6L3537191.392369321	null	t	f	f
1156	91CnBmI3G8L2393609.883051717	sellit-media/91CnBmI3G8L2393609.883051717	null	t	f	f
1157	81XtkiVBYxL6086620.475460458	sellit-media/81XtkiVBYxL6086620.475460458	null	t	f	f
1158	71Q9lRFU4VL1667304.1235984387	sellit-media/71Q9lRFU4VL1667304.1235984387	null	t	f	f
1159	51pwqs5xEcL1117439.3310445808	sellit-media/51pwqs5xEcL1117439.3310445808	null	t	f	f
1160	71AGOX9MORL4798838.906280163	sellit-media/71AGOX9MORL4798838.906280163	null	t	f	f
1161	61pskHRSN2L7736582.574546498	sellit-media/61pskHRSN2L7736582.574546498	null	t	f	f
1162	71CKGX0iXPS3681142.40212982	thsellit-media171CKGX0iXPS3681142.40212982	thll	t	f	f
1163	51dBcW+NXPL2641492.2119314354	sellit-media/51dBcW+NXPL2641492.2119314354	null	t	f	f
1164	71TOJXChXtL178466.3496490535	sellit-media/71TOJXChXtL178466.3496490535	null	t	f	f
1165	713WJz2wXLL2806517.8113302714	sellit-media/713WJz2wXLL2806517.8113302714	null	t	f	f
1166	71uu-S9fsCL6051087.647852747	sellit-media/71uu-S9fsCL6051087.647852747	null	t	f	f
1167	61wYl1RtGOL3325832.949484704	sellit-media/61wYl1RtGOL3325832.949484704	null	t	f	f
1168	71PRmI5eCqL7685781.80314563	thsellit-media171PRmI5eCqL7685781.80314563	thll	t	f	f
1169	61m8rRc8RfL9004162.978734998	sellit-media/61m8rRc8RfL9004162.978734998	null	t	f	f
1170	41jLIFi2GXS1634449.6750376236	sellit-media/41jLIFi2GXS1634449.6750376236	null	t	f	f
1171	71TOJXChXtL3532628.2729846947	sellit-media/71TOJXChXtL3532628.2729846947	null	t	f	f
1172	71Qp4khq-1L6173485.929112652	sellit-media/71Qp4khq-1L6173485.929112652	null	t	f	f
1173	81F1YLvNwEL8562267.367163626	sellit-media/81F1YLvNwEL8562267.367163626	null	t	f	f
1174	71FpoBA7ZcL5046706.3504407285	sellit-media/71FpoBA7ZcL5046706.3504407285	null	t	f	f
1175	817tGjvKfWL2428126.797287915	sellit-media/817tGjvKfWL2428126.797287915	null	t	f	f
1176	91NkPe-lM3L9844447.714007983	sellit-media/91NkPe-lM3L9844447.714007983	null	t	f	f
1177	81jIGNqTjmL3117797.587030815	sellit-media/81jIGNqTjmL3117797.587030815	null	t	f	f
1178	71+LIOKehyL8281127.670124813	sellit-media/71+LIOKehyL8281127.670124813	null	t	f	f
1179	51iazuN-+TL3192991.6946832226	sellit-media/51iazuN-+TL3192991.6946832226	null	t	f	f
1180	71Mt4JAZQtL3727805.961084851	sellit-media/71Mt4JAZQtL3727805.961084851	null	t	f	f
1181	71PRmI5eCqL4296323.9885782525	sellit-media/71PRmI5eCqL4296323.9885782525	null	t	f	f
1182	71L6HDQ211L6046688.429963718	sellit-media/71L6HDQ211L6046688.429963718	null	t	f	f
1183	812VbscUxiL3295619.7616809546	sellit-media/812VbscUxiL3295619.7616809546	null	t	f	f
1184	815cAIRfKjL2000026.7077292476	sellit-media/815cAIRfKjL2000026.7077292476	null	t	f	f
1185	713RkW3M4IL4124760.4279884985	sellit-media/713RkW3M4IL4124760.4279884985	null	t	f	f
1186	71uu-S9fsCL5432898.33555086	thsellit-media171uu-S9fsCL5432898.33555086	thll	t	f	f
1187	71jTFnk7XiL4180671.764563988	sellit-media/71jTFnk7XiL4180671.764563988	null	t	f	f
1188	71+1lOl1Y1L2641439.175030218	sellit-media/71+1lOl1Y1L2641439.175030218	null	t	f	f
1189	71g9X7W9K3L1072821.0960444561	sellit-media/71g9X7W9K3L1072821.0960444561	null	t	f	f
1190	81zcUyiNcUL5480080.915876042	sellit-media/81zcUyiNcUL5480080.915876042	null	t	f	f
1191	71JqyTBiXrL4846479.986991152	sellit-media/71JqyTBiXrL4846479.986991152	null	t	f	f
1192	81sq-a+suJL1469731.623626349	sellit-media/81sq-a+suJL1469731.623626349	null	t	f	f
1193	415G0bg-hiL1758510.0318713542	sellit-media/415G0bg-hiL1758510.0318713542	null	t	f	f
1194	71CR6drcruL3849119.1126489067	sellit-media/71CR6drcruL3849119.1126489067	null	t	f	f
1195	71Sp6M--UpL8755233.972825143	sellit-media/71Sp6M--UpL8755233.972825143	null	t	f	f
1196	71PRmI5eCqL8460622.718682542	sellit-media/71PRmI5eCqL8460622.718682542	null	t	f	f
1197	71ZEPs9Y7CL1876402.566348585	sellit-media/71ZEPs9Y7CL1876402.566348585	null	t	f	f
1198	819hAP4xoGS5227485.404951584	sellit-media/819hAP4xoGS5227485.404951584	null	t	f	f
1199	71tXLOE7wIL8659645.330886392	sellit-media/71tXLOE7wIL8659645.330886392	null	t	f	f
1200	91pjZAMbEUS973558.0626927365	sellit-media/91pjZAMbEUS973558.0626927365	null	t	f	f
1201	71ctRE34RuL4554115.263205933	sellit-media/71ctRE34RuL4554115.263205933	null	t	f	f
1202	6142LSpf6xL9655925.977729863	sellit-media/6142LSpf6xL9655925.977729863	null	t	f	f
1203	814KnXVtcsL9494748.75654239	thsellit-media1814KnXVtcsL9494748.75654239	thll	t	f	f
1204	71v0BQo8T8L6636428.568645927	sellit-media/71v0BQo8T8L6636428.568645927	null	t	f	f
1205	71k1LmLaj4L3154968.098371744	sellit-media/71k1LmLaj4L3154968.098371744	null	t	f	f
1206	81J9wwm9WxL5363100.440458462	sellit-media/81J9wwm9WxL5363100.440458462	null	t	f	f
1207	71gx1HNTj1L6832728.355549926	sellit-media/71gx1HNTj1L6832728.355549926	null	t	f	f
1208	81K1NR+8WjL5544704.444787048	sellit-media/81K1NR+8WjL5544704.444787048	null	t	f	f
1209	61e2XEOJLGL1232204.1838900754	sellit-media/61e2XEOJLGL1232204.1838900754	null	t	f	f
1210	71FLsWWmE8L6757260.332550988	sellit-media/71FLsWWmE8L6757260.332550988	null	t	f	f
1211	71pvhTrmZDL4332867.1677899575	sellit-media/71pvhTrmZDL4332867.1677899575	null	t	f	f
1212	813Nab75aQL4421417.384169084	sellit-media/813Nab75aQL4421417.384169084	null	t	f	f
1213	71ZEPs9Y7CL4413057.703671539	sellit-media/71ZEPs9Y7CL4413057.703671539	null	t	f	f
1214	812VbscUxiL8549338.977762217	sellit-media/812VbscUxiL8549338.977762217	null	t	f	f
1215	61fb2UmHdxL6016346.188684883	sellit-media/61fb2UmHdxL6016346.188684883	null	t	f	f
1216	815cAIRfKjL8941560.936340904	sellit-media/815cAIRfKjL8941560.936340904	null	t	f	f
1217	81TtgFNJrGL969309.3494657945	sellit-media/81TtgFNJrGL969309.3494657945	null	t	f	f
1218	71vMoUckwLL6634771.852818042	sellit-media/71vMoUckwLL6634771.852818042	null	t	f	f
1219	71iQ5Tk45WL1532131.3042574048	sellit-media/71iQ5Tk45WL1532131.3042574048	null	t	f	f
1220	71jTFnk7XiL5499431.316023926	sellit-media/71jTFnk7XiL5499431.316023926	null	t	f	f
1221	71+1lOl1Y1L3183241.951821896	sellit-media/71+1lOl1Y1L3183241.951821896	null	t	f	f
1222	71g9X7W9K3L7102178.518951732	sellit-media/71g9X7W9K3L7102178.518951732	null	t	f	f
1223	81zcUyiNcUL423333.19491460355	sellit-media/81zcUyiNcUL423333.19491460355	null	t	f	f
1224	71JqyTBiXrL5634715.3961250605	sellit-media/71JqyTBiXrL5634715.3961250605	null	t	f	f
1225	81sq-a+suJL8347050.45492576	thsellit-media181sq-a+suJL8347050.45492576	thll	t	f	f
1226	415G0bg-hiL1545156.1381414768	sellit-media/415G0bg-hiL1545156.1381414768	null	t	f	f
1227	71CR6drcruL6720125.171580651	sellit-media/71CR6drcruL6720125.171580651	null	t	f	f
1228	71iQ5Tk45WL31083.13535833851	sellit-media/71iQ5Tk45WL31083.13535833851	null	t	f	f
1229	71eMQCrUH9L9417438.574751336	sellit-media/71eMQCrUH9L9417438.574751336	null	t	f	f
1230	71mMMV4oCyL6433921.54227606	thsellit-media171mMMV4oCyL6433921.54227606	thll	t	f	f
1231	819hAP4xoGS5415345.907721694	sellit-media/819hAP4xoGS5415345.907721694	null	t	f	f
1232	71tXLOE7wIL9708737.717713842	sellit-media/71tXLOE7wIL9708737.717713842	null	t	f	f
1233	91pjZAMbEUS3214902.254529677	sellit-media/91pjZAMbEUS3214902.254529677	null	t	f	f
1234	71ctRE34RuL8607210.424435357	sellit-media/71ctRE34RuL8607210.424435357	null	t	f	f
1235	6142LSpf6xL2103495.8372590416	sellit-media/6142LSpf6xL2103495.8372590416	null	t	f	f
1236	814KnXVtcsL135196.91583079085	sellit-media/814KnXVtcsL135196.91583079085	null	t	f	f
1237	71v0BQo8T8L638151.2015071422	sellit-media/71v0BQo8T8L638151.2015071422	null	t	f	f
1238	71k1LmLaj4L3522969.7384144366	sellit-media/71k1LmLaj4L3522969.7384144366	null	t	f	f
1239	81J9wwm9WxL3134283.7121051727	sellit-media/81J9wwm9WxL3134283.7121051727	null	t	f	f
1240	71gx1HNTj1L1545096.0964521165	sellit-media/71gx1HNTj1L1545096.0964521165	null	t	f	f
1241	81K1NR+8WjL3873770.1351081124	sellit-media/81K1NR+8WjL3873770.1351081124	null	t	f	f
1242	61e2XEOJLGL9575090.157826606	sellit-media/61e2XEOJLGL9575090.157826606	null	t	f	f
1243	71FLsWWmE8L8713503.448019007	sellit-media/71FLsWWmE8L8713503.448019007	null	t	f	f
1244	71pvhTrmZDL9471584.277698455	sellit-media/71pvhTrmZDL9471584.277698455	null	t	f	f
1245	813Nab75aQL6202258.448327662	sellit-media/813Nab75aQL6202258.448327662	null	t	f	f
1246	71mMMV4oCyL4494492.478185077	sellit-media/71mMMV4oCyL4494492.478185077	null	t	f	f
1247	61HTK2fsTFL9586720.107890572	sellit-media/61HTK2fsTFL9586720.107890572	null	t	f	f
1248	61TvWKCQy1L7344701.808332088	sellit-media/61TvWKCQy1L7344701.808332088	null	t	f	f
1249	815cAIRfKjL3677588.8132515	thsellit-media1815cAIRfKjL3677588.8132515	thll	t	f	f
1250	713RkW3M4IL1157103.7497482828	sellit-media/713RkW3M4IL1157103.7497482828	null	t	f	f
1251	71Sp6M--UpL5062473.192676085	sellit-media/71Sp6M--UpL5062473.192676085	null	t	f	f
1252	61wgnuIJDEL2802846.982335445	sellit-media/61wgnuIJDEL2802846.982335445	null	t	f	f
1253	711+0tgn+6L9520142.831212409	sellit-media/711+0tgn+6L9520142.831212409	null	t	f	f
1254	91CnBmI3G8L8360697.89697353	thsellit-media191CnBmI3G8L8360697.89697353	thll	t	f	f
1255	81XtkiVBYxL5881545.356347499	sellit-media/81XtkiVBYxL5881545.356347499	null	t	f	f
1256	71Q9lRFU4VL9620590.127627086	sellit-media/71Q9lRFU4VL9620590.127627086	null	t	f	f
1257	51pwqs5xEcL1371459.094982972	sellit-media/51pwqs5xEcL1371459.094982972	null	t	f	f
1258	71AGOX9MORL2260648.8849678286	sellit-media/71AGOX9MORL2260648.8849678286	null	t	f	f
1259	61pskHRSN2L1835137.8313609378	sellit-media/61pskHRSN2L1835137.8313609378	null	t	f	f
1260	71CKGX0iXPS7507008.760732761	sellit-media/71CKGX0iXPS7507008.760732761	null	t	f	f
1261	51dBcW+NXPL2680179.7880311096	sellit-media/51dBcW+NXPL2680179.7880311096	null	t	f	f
1262	71TOJXChXtL6697190.966011159	sellit-media/71TOJXChXtL6697190.966011159	null	t	f	f
1263	713WJz2wXLL7938914.606771908	sellit-media/713WJz2wXLL7938914.606771908	null	t	f	f
1264	71uu-S9fsCL9427456.045597045	sellit-media/71uu-S9fsCL9427456.045597045	null	t	f	f
1265	61TvWKCQy1L2725248.137195118	sellit-media/61TvWKCQy1L2725248.137195118	null	t	f	f
1266	61HTK2fsTFL7275063.136930817	sellit-media/61HTK2fsTFL7275063.136930817	null	t	f	f
1267	61m8rRc8RfL3073473.7244793563	sellit-media/61m8rRc8RfL3073473.7244793563	null	t	f	f
1268	41jLIFi2GXS9916751.65073637	thsellit-media141jLIFi2GXS9916751.65073637	thll	t	f	f
1269	71TOJXChXtL884561.0781973879	sellit-media/71TOJXChXtL884561.0781973879	null	t	f	f
1270	71Qp4khq-1L7181143.044281812	sellit-media/71Qp4khq-1L7181143.044281812	null	t	f	f
1271	81F1YLvNwEL3101740.4117513793	sellit-media/81F1YLvNwEL3101740.4117513793	null	t	f	f
1272	71FpoBA7ZcL2215790.537227267	sellit-media/71FpoBA7ZcL2215790.537227267	null	t	f	f
1273	817tGjvKfWL3492681.751702722	sellit-media/817tGjvKfWL3492681.751702722	null	t	f	f
1274	91NkPe-lM3L7822941.782044981	sellit-media/91NkPe-lM3L7822941.782044981	null	t	f	f
1275	81jIGNqTjmL5643839.770925043	sellit-media/81jIGNqTjmL5643839.770925043	null	t	f	f
1276	71+LIOKehyL5816437.425149772	sellit-media/71+LIOKehyL5816437.425149772	null	t	f	f
1277	51iazuN-+TL8508790.926738953	sellit-media/51iazuN-+TL8508790.926738953	null	t	f	f
1278	71Mt4JAZQtL283181.7510796042	sellit-media/71Mt4JAZQtL283181.7510796042	null	t	f	f
1279	71ZEPs9Y7CL7818387.084064633	sellit-media/71ZEPs9Y7CL7818387.084064633	null	t	f	f
1280	71L6HDQ211L578246.6608835412	sellit-media/71L6HDQ211L578246.6608835412	null	t	f	f
1281	71b5rSpaQyL2337228.9349983144	sellit-media/71b5rSpaQyL2337228.9349983144	null	t	f	f
1282	815cAIRfKjL5148435.136996561	sellit-media/815cAIRfKjL5148435.136996561	null	t	f	f
1283	713RkW3M4IL5444549.01068895	thsellit-media1713RkW3M4IL5444549.01068895	thll	t	f	f
1284	71uu-S9fsCL1381364.3928218444	sellit-media/71uu-S9fsCL1381364.3928218444	null	t	f	f
1285	71jTFnk7XiL4026719.4176461585	sellit-media/71jTFnk7XiL4026719.4176461585	null	t	f	f
1286	71+1lOl1Y1L8094101.379206511	sellit-media/71+1lOl1Y1L8094101.379206511	null	t	f	f
1287	71g9X7W9K3L242808.53499568434	sellit-media/71g9X7W9K3L242808.53499568434	null	t	f	f
1288	81zcUyiNcUL4761823.52111342	thsellit-media181zcUyiNcUL4761823.52111342	thll	t	f	f
1289	71JqyTBiXrL5838488.6424518805	sellit-media/71JqyTBiXrL5838488.6424518805	null	t	f	f
1290	81sq-a+suJL370735.71106461587	sellit-media/81sq-a+suJL370735.71106461587	null	t	f	f
1291	415G0bg-hiL7600262.939590161	sellit-media/415G0bg-hiL7600262.939590161	null	t	f	f
1292	71CR6drcruL6728471.856151021	sellit-media/71CR6drcruL6728471.856151021	null	t	f	f
1293	71yEtz7yTyL7941275.397941358	sellit-media/71yEtz7yTyL7941275.397941358	null	t	f	f
1294	71Sp6M--UpL5947641.819243958	sellit-media/71Sp6M--UpL5947641.819243958	null	t	f	f
1295	61TvWKCQy1L8385274.557874931	sellit-media/61TvWKCQy1L8385274.557874931	null	t	f	f
1296	819hAP4xoGS9495502.32011752	thsellit-media1819hAP4xoGS9495502.32011752	thll	t	f	f
1297	71tXLOE7wIL3173057.4148882427	sellit-media/71tXLOE7wIL3173057.4148882427	null	t	f	f
1298	91pjZAMbEUS8945572.966833178	sellit-media/91pjZAMbEUS8945572.966833178	null	t	f	f
1299	71ctRE34RuL7027501.160506829	sellit-media/71ctRE34RuL7027501.160506829	null	t	f	f
1300	6142LSpf6xL5450620.509184834	sellit-media/6142LSpf6xL5450620.509184834	null	t	f	f
1301	814KnXVtcsL8842742.00025382	thsellit-media1814KnXVtcsL8842742.00025382	thll	t	f	f
1302	71v0BQo8T8L4726525.807462707	sellit-media/71v0BQo8T8L4726525.807462707	null	t	f	f
1303	71k1LmLaj4L4231629.173782394	sellit-media/71k1LmLaj4L4231629.173782394	null	t	f	f
1304	81J9wwm9WxL5770874.633623899	sellit-media/81J9wwm9WxL5770874.633623899	null	t	f	f
1305	71gx1HNTj1L2762437.761350964	sellit-media/71gx1HNTj1L2762437.761350964	null	t	f	f
1306	81K1NR+8WjL6530784.785547028	sellit-media/81K1NR+8WjL6530784.785547028	null	t	f	f
1307	61e2XEOJLGL4500110.790860663	sellit-media/61e2XEOJLGL4500110.790860663	null	t	f	f
1308	71FLsWWmE8L2247533.4585477035	sellit-media/71FLsWWmE8L2247533.4585477035	null	t	f	f
1309	71pvhTrmZDL1314697.6377028509	sellit-media/71pvhTrmZDL1314697.6377028509	null	t	f	f
1310	813Nab75aQL4238185.716328901	sellit-media/813Nab75aQL4238185.716328901	null	t	f	f
1311	71L6HDQ211L4179288.885673058	sellit-media/71L6HDQ211L4179288.885673058	null	t	f	f
1312	61HTK2fsTFL323595.48905724677	sellit-media/61HTK2fsTFL323595.48905724677	null	t	f	f
1313	71yEtz7yTyL1909997.0675230483	sellit-media/71yEtz7yTyL1909997.0675230483	null	t	f	f
1314	815cAIRfKjL9112597.101650825	sellit-media/815cAIRfKjL9112597.101650825	null	t	f	f
1315	815cAIRfKjL6864739.531987714	sellit-media/815cAIRfKjL6864739.531987714	null	t	f	f
1316	61wgnuIJDEL1416936.6573160947	sellit-media/61wgnuIJDEL1416936.6573160947	null	t	f	f
1317	711+0tgn+6L1324271.3264467397	sellit-media/711+0tgn+6L1324271.3264467397	null	t	f	f
1318	91CnBmI3G8L4783118.964219559	sellit-media/91CnBmI3G8L4783118.964219559	null	t	f	f
1319	81XtkiVBYxL5609093.110653169	sellit-media/81XtkiVBYxL5609093.110653169	null	t	f	f
1320	71Q9lRFU4VL8943165.074767726	sellit-media/71Q9lRFU4VL8943165.074767726	null	t	f	f
1321	51pwqs5xEcL3831513.073567736	sellit-media/51pwqs5xEcL3831513.073567736	null	t	f	f
1322	71AGOX9MORL7306557.942352616	sellit-media/71AGOX9MORL7306557.942352616	null	t	f	f
1323	61pskHRSN2L7994015.089486508	sellit-media/61pskHRSN2L7994015.089486508	null	t	f	f
1324	71CKGX0iXPS3065743.718566738	sellit-media/71CKGX0iXPS3065743.718566738	null	t	f	f
1325	51dBcW+NXPL3643529.6819010274	sellit-media/51dBcW+NXPL3643529.6819010274	null	t	f	f
1326	71TOJXChXtL2032871.2751652934	sellit-media/71TOJXChXtL2032871.2751652934	null	t	f	f
1327	713WJz2wXLL9606981.863551391	sellit-media/713WJz2wXLL9606981.863551391	null	t	f	f
1328	71uu-S9fsCL586451.3006198213	sellit-media/71uu-S9fsCL586451.3006198213	null	t	f	f
1329	71Sp6M--UpL4622616.889490736	sellit-media/71Sp6M--UpL4622616.889490736	null	t	f	f
1330	61TvWKCQy1L6082562.565327015	sellit-media/61TvWKCQy1L6082562.565327015	null	t	f	f
1331	61m8rRc8RfL3279290.704050952	sellit-media/61m8rRc8RfL3279290.704050952	null	t	f	f
1332	41jLIFi2GXS9430464.619112771	sellit-media/41jLIFi2GXS9430464.619112771	null	t	f	f
1333	71TOJXChXtL4346212.958128484	sellit-media/71TOJXChXtL4346212.958128484	null	t	f	f
1334	71Qp4khq-1L7568158.831912088	sellit-media/71Qp4khq-1L7568158.831912088	null	t	f	f
1335	81F1YLvNwEL6844529.034587308	sellit-media/81F1YLvNwEL6844529.034587308	null	t	f	f
1336	71FpoBA7ZcL3147628.50118794	thsellit-media171FpoBA7ZcL3147628.50118794	thll	t	f	f
1337	817tGjvKfWL5388233.095312754	sellit-media/817tGjvKfWL5388233.095312754	null	t	f	f
1338	91NkPe-lM3L609013.4689096183	sellit-media/91NkPe-lM3L609013.4689096183	null	t	f	f
1339	81jIGNqTjmL3682988.4727263385	sellit-media/81jIGNqTjmL3682988.4727263385	null	t	f	f
1340	71+LIOKehyL1380809.5721597092	sellit-media/71+LIOKehyL1380809.5721597092	null	t	f	f
1341	51iazuN-+TL6725219.014377597	sellit-media/51iazuN-+TL6725219.014377597	null	t	f	f
1342	71Mt4JAZQtL7238436.53815127	thsellit-media171Mt4JAZQtL7238436.53815127	thll	t	f	f
1343	71ZEPs9Y7CL6034858.459918482	sellit-media/71ZEPs9Y7CL6034858.459918482	null	t	f	f
1344	71L6HDQ211L4991859.623578652	sellit-media/71L6HDQ211L4991859.623578652	null	t	f	f
1345	61HTK2fsTFL7449425.256602251	sellit-media/61HTK2fsTFL7449425.256602251	null	t	f	f
1346	71yEtz7yTyL6396337.43718027	thsellit-media171yEtz7yTyL6396337.43718027	thll	t	f	f
1347	815cAIRfKjL9706103.953016661	sellit-media/815cAIRfKjL9706103.953016661	null	t	f	f
1348	713RkW3M4IL9116767.179957043	sellit-media/713RkW3M4IL9116767.179957043	null	t	f	f
1349	71jTFnk7XiL5191857.050915507	sellit-media/71jTFnk7XiL5191857.050915507	null	t	f	f
1350	71+1lOl1Y1L296112.9636615478	sellit-media/71+1lOl1Y1L296112.9636615478	null	t	f	f
1351	71g9X7W9K3L3356921.969166342	sellit-media/71g9X7W9K3L3356921.969166342	null	t	f	f
1352	81zcUyiNcUL7610467.35783314	thsellit-media181zcUyiNcUL7610467.35783314	thll	t	f	f
1353	71JqyTBiXrL4407108.239700424	sellit-media/71JqyTBiXrL4407108.239700424	null	t	f	f
1354	81sq-a+suJL6248526.914076358	sellit-media/81sq-a+suJL6248526.914076358	null	t	f	f
1355	415G0bg-hiL2249828.452668587	sellit-media/415G0bg-hiL2249828.452668587	null	t	f	f
1356	71CR6drcruL8100706.172159493	sellit-media/71CR6drcruL8100706.172159493	null	t	f	f
1357	71uu-S9fsCL9131359.504819442	sellit-media/71uu-S9fsCL9131359.504819442	null	t	f	f
1358	71Sp6M--UpL8771097.746842945	sellit-media/71Sp6M--UpL8771097.746842945	null	t	f	f
1359	61TvWKCQy1L2519548.0095607834	sellit-media/61TvWKCQy1L2519548.0095607834	null	t	f	f
1360	819hAP4xoGS116927.86048052018	sellit-media/819hAP4xoGS116927.86048052018	null	t	f	f
1361	71tXLOE7wIL5113226.679477687	sellit-media/71tXLOE7wIL5113226.679477687	null	t	f	f
1362	91pjZAMbEUS2702364.1044729296	sellit-media/91pjZAMbEUS2702364.1044729296	null	t	f	f
1363	71ctRE34RuL1381256.6207788303	sellit-media/71ctRE34RuL1381256.6207788303	null	t	f	f
1364	6142LSpf6xL521957.0836495646	sellit-media/6142LSpf6xL521957.0836495646	null	t	f	f
1365	814KnXVtcsL6620993.312684604	sellit-media/814KnXVtcsL6620993.312684604	null	t	f	f
1366	71v0BQo8T8L9789637.85054186	thsellit-media171v0BQo8T8L9789637.85054186	thll	t	f	f
1367	71aBWpq3-uL3822497.3518433436	sellit-media/71aBWpq3-uL3822497.3518433436	null	t	f	f
1368	71VEccvirEL9858793.251160052	sellit-media/71VEccvirEL9858793.251160052	null	t	f	f
1369	51yQZVfP7BS4516859.244216711	sellit-media/51yQZVfP7BS4516859.244216711	null	t	f	f
1370	51aUHrUHq-L2846684.0520673944	sellit-media/51aUHrUHq-L2846684.0520673944	null	t	f	f
1371	41GM+FKwXpL7223162.7413396975	sellit-media/41GM+FKwXpL7223162.7413396975	null	t	f	f
1372	61J5Oz1CA9L7545342.190061164	sellit-media/61J5Oz1CA9L7545342.190061164	null	t	f	f
1373	71LBqYGzBrL7198117.866245741	sellit-media/71LBqYGzBrL7198117.866245741	null	t	f	f
1374	61eEMFP2HfL8104662.454069513	sellit-media/61eEMFP2HfL8104662.454069513	null	t	f	f
1375	81ya-I8k1tL8484657.303193575	sellit-media/81ya-I8k1tL8484657.303193575	null	t	f	f
1376	61LmV2Bq7CS8541489.09526631	thsellit-media161LmV2Bq7CS8541489.09526631	thll	t	f	f
1377	41EqPxSRKhL7032380.487293062	sellit-media/41EqPxSRKhL7032380.487293062	null	t	f	f
1378	61Z9+l2VotL1797747.2950982775	sellit-media/61Z9+l2VotL1797747.2950982775	null	t	f	f
1379	41wW-0TVo1L5447292.981614136	sellit-media/41wW-0TVo1L5447292.981614136	null	t	f	f
1380	615YipeumnL1593573.262045622	sellit-media/615YipeumnL1593573.262045622	null	t	f	f
1381	61txXqoc67L2760497.8701656256	sellit-media/61txXqoc67L2760497.8701656256	null	t	f	f
1382	61p2N9v20+L2265816.3704609023	sellit-media/61p2N9v20+L2265816.3704609023	null	t	f	f
1383	71VJFeBRezL6339712.810857621	sellit-media/71VJFeBRezL6339712.810857621	null	t	f	f
1384	71VEccvirEL7354875.875763282	sellit-media/71VEccvirEL7354875.875763282	null	t	f	f
1385	71llqqSTrVL6340058.19186989	thsellit-media171llqqSTrVL6340058.19186989	thll	t	f	f
1386	71pmB6aaZOL4983844.2563619865	sellit-media/71pmB6aaZOL4983844.2563619865	null	t	f	f
1387	71qPgS2SfXL3908799.555454421	sellit-media/71qPgS2SfXL3908799.555454421	null	t	f	f
1388	71BjTRukTTL6142196.1257911865	sellit-media/71BjTRukTTL6142196.1257911865	null	t	f	f
1389	612D8euFf6L9515750.565288318	sellit-media/612D8euFf6L9515750.565288318	null	t	f	f
1390	71XHPuLiHVL7632504.89948192	thsellit-media171XHPuLiHVL7632504.89948192	thll	t	f	f
1391	81lCHvmMXNL4210632.848732872	sellit-media/81lCHvmMXNL4210632.848732872	null	t	f	f
1392	81vWq6mJVKL4716492.31679739	thsellit-media181vWq6mJVKL4716492.31679739	thll	t	f	f
1393	613cCcxLcrL5560821.863790937	sellit-media/613cCcxLcrL5560821.863790937	null	t	f	f
1394	61gQGCAWwzL9386855.698731465	sellit-media/61gQGCAWwzL9386855.698731465	null	t	f	f
1395	81llNL67rrL8617051.275337791	sellit-media/81llNL67rrL8617051.275337791	null	t	f	f
1396	71Wua1rRkEL2000479.622678475	sellit-media/71Wua1rRkEL2000479.622678475	null	t	f	f
1397	41-goVzRp5L1967370.9721474063	sellit-media/41-goVzRp5L1967370.9721474063	null	t	f	f
1398	5162EFP6uoL7675192.502718389	sellit-media/5162EFP6uoL7675192.502718389	null	t	f	f
1399	71KwRajW1DL4687692.27039364	thsellit-media171KwRajW1DL4687692.27039364	thll	t	f	f
1400	81Rh7ImOpYL9123676.066388346	sellit-media/81Rh7ImOpYL9123676.066388346	null	t	f	f
1401	61cM96AWtnL5009764.592314064	sellit-media/61cM96AWtnL5009764.592314064	null	t	f	f
1402	51janadm4zL9786729.906003872	sellit-media/51janadm4zL9786729.906003872	null	t	f	f
1403	31rhpHQXbcL7164985.542350506	sellit-media/31rhpHQXbcL7164985.542350506	null	t	f	f
1404	711MgPoMoUS6835163.240401368	sellit-media/711MgPoMoUS6835163.240401368	null	t	f	f
1405	710Q6tUttYS7376865.377499429	sellit-media/710Q6tUttYS7376865.377499429	null	t	f	f
1406	61jMvouBFTL5502325.599675895	sellit-media/61jMvouBFTL5502325.599675895	null	t	f	f
1407	51-B-laB-2L3488720.4286327255	sellit-media/51-B-laB-2L3488720.4286327255	null	t	f	f
1408	71Elz62-K2L5289840.284258289	sellit-media/71Elz62-K2L5289840.284258289	null	t	f	f
1409	71EkPXPybyL127593.19679496395	sellit-media/71EkPXPybyL127593.19679496395	null	t	f	f
1410	617-A68DZaL3085694.6349960766	sellit-media/617-A68DZaL3085694.6349960766	null	t	f	f
1411	81EFbzAltVL27296.80089318176	sellit-media/81EFbzAltVL27296.80089318176	null	t	f	f
1412	81ChTbPNGHL1877239.2265536885	sellit-media/81ChTbPNGHL1877239.2265536885	null	t	f	f
1413	91Q3QLRCtDL6162247.569935253	sellit-media/91Q3QLRCtDL6162247.569935253	null	t	f	f
1414	61BxyOVxo8L1650463.6368860726	sellit-media/61BxyOVxo8L1650463.6368860726	null	t	f	f
1415	41zhzBAr2fL8690385.826287998	sellit-media/41zhzBAr2fL8690385.826287998	null	t	f	f
1416	61QISnaokkL9155453.512064504	sellit-media/61QISnaokkL9155453.512064504	null	t	f	f
1417	61xMVqEDG1L7325257.7296643425	sellit-media/61xMVqEDG1L7325257.7296643425	null	t	f	f
1418	51p4Z7CbU3L2583436.3658280955	sellit-media/51p4Z7CbU3L2583436.3658280955	null	t	f	f
1419	51-V9QkpIhL3299163.983484561	sellit-media/51-V9QkpIhL3299163.983484561	null	t	f	f
1420	51ckAgWjuUL16125.184858739594	sellit-media/51ckAgWjuUL16125.184858739594	null	t	f	f
1421	81+2lQEsB4L7533186.607771007	sellit-media/81+2lQEsB4L7533186.607771007	null	t	f	f
1422	51QXXNs5Z9S4587556.192502162	sellit-media/51QXXNs5Z9S4587556.192502162	null	t	f	f
1423	41rUE2ReupL6979880.62635174	thsellit-media141rUE2ReupL6979880.62635174	thll	t	f	f
1424	410w6UzpWyL2801201.862777272	sellit-media/410w6UzpWyL2801201.862777272	null	t	f	f
1425	71oF0kIa1-L2343826.694170481	sellit-media/71oF0kIa1-L2343826.694170481	null	t	f	f
1426	61LFI6LVrdS3534381.950930927	sellit-media/61LFI6LVrdS3534381.950930927	null	t	f	f
1427	81Rh7ImOpYL4857910.637706761	sellit-media/81Rh7ImOpYL4857910.637706761	null	t	f	f
1428	51janadm4zL2850190.088674951	sellit-media/51janadm4zL2850190.088674951	null	t	f	f
1429	61cM96AWtnL6154137.632242795	sellit-media/61cM96AWtnL6154137.632242795	null	t	f	f
1430	71CUmyhYe2L3579530.3162858263	sellit-media/71CUmyhYe2L3579530.3162858263	null	t	f	f
1431	61zuO12F1PL5791461.593275851	sellit-media/61zuO12F1PL5791461.593275851	null	t	f	f
1432	71evUMYBlcL1515233.8863621107	sellit-media/71evUMYBlcL1515233.8863621107	null	t	f	f
1433	71FWnuZNE3L4197173.5273506995	sellit-media/71FWnuZNE3L4197173.5273506995	null	t	f	f
1434	815hk3xZ8lL664821.5430732996	sellit-media/815hk3xZ8lL664821.5430732996	null	t	f	f
1435	71zUbHdzbmL4961584.031803438	sellit-media/71zUbHdzbmL4961584.031803438	null	t	f	f
1436	81yeMQBB5cL3309442.7345801992	sellit-media/81yeMQBB5cL3309442.7345801992	null	t	f	f
1437	616c0QxY0yL2583940.804972817	sellit-media/616c0QxY0yL2583940.804972817	null	t	f	f
1438	51QGGW5vv9L3944415.6442326526	sellit-media/51QGGW5vv9L3944415.6442326526	null	t	f	f
1439	A1xpLaLQigL3486669.5320289787	sellit-media/A1xpLaLQigL3486669.5320289787	null	t	f	f
1440	71qO6JZZQML3026670.4158704495	sellit-media/71qO6JZZQML3026670.4158704495	null	t	f	f
1441	71InbrShrrL7850837.516275313	sellit-media/71InbrShrrL7850837.516275313	null	t	f	f
1442	81NXYXVOBsL319246.54771552153	sellit-media/81NXYXVOBsL319246.54771552153	null	t	f	f
1443	61kJnl2-mFL1252294.6429729643	sellit-media/61kJnl2-mFL1252294.6429729643	null	t	f	f
1444	71KwRajW1DL3018878.6097379583	sellit-media/71KwRajW1DL3018878.6097379583	null	t	f	f
1445	51pJvGuGnZL5282988.658478269	sellit-media/51pJvGuGnZL5282988.658478269	null	t	f	f
1446	81mobFPzsvS9982479.52412466	thsellit-media181mobFPzsvS9982479.52412466	thll	t	f	f
1447	71jHAk+ZO6L6027984.39461437	thsellit-media171jHAk+ZO6L6027984.39461437	thll	t	f	f
1448	81yhTMDb1VL9591328.875589615	sellit-media/81yhTMDb1VL9591328.875589615	null	t	f	f
1449	61tfY72pI+L8024530.385050279	sellit-media/61tfY72pI+L8024530.385050279	null	t	f	f
1450	71YI+ETehQL2871269.332510522	sellit-media/71YI+ETehQL2871269.332510522	null	t	f	f
1451	61TM5JyVdYL8526174.209881326	sellit-media/61TM5JyVdYL8526174.209881326	null	t	f	f
1452	8146gI8s+SL8779598.762186222	sellit-media/8146gI8s+SL8779598.762186222	null	t	f	f
1453	51k+SRP0NsL4087635.042185287	sellit-media/51k+SRP0NsL4087635.042185287	null	t	f	f
1454	41Ywqs93XzL4777575.329530732	sellit-media/41Ywqs93XzL4777575.329530732	null	t	f	f
1455	61x-djWgFPS1727722.5418495145	sellit-media/61x-djWgFPS1727722.5418495145	null	t	f	f
1456	61+E3xUcMnL6762847.6578094745	sellit-media/61+E3xUcMnL6762847.6578094745	null	t	f	f
1457	81V01WqhtFL6503950.213083169	sellit-media/81V01WqhtFL6503950.213083169	null	t	f	f
1458	81hLE-j5RjL7671134.8948770985	sellit-media/81hLE-j5RjL7671134.8948770985	null	t	f	f
1459	71l3g488VVL3532586.6578050503	sellit-media/71l3g488VVL3532586.6578050503	null	t	f	f
1460	71+MmN95WDL3428184.9291925193	sellit-media/71+MmN95WDL3428184.9291925193	null	t	f	f
1461	71o7TxUqcoL9134138.751880392	sellit-media/71o7TxUqcoL9134138.751880392	null	t	f	f
1462	61vdW+1n-XL6708836.016518074	sellit-media/61vdW+1n-XL6708836.016518074	null	t	f	f
1463	61V5d46EYfL6201185.697468627	sellit-media/61V5d46EYfL6201185.697468627	null	t	f	f
1464	51lx2I-TUdS5220533.242000689	sellit-media/51lx2I-TUdS5220533.242000689	null	t	f	f
1465	81GSO31SBpL9588046.659733534	sellit-media/81GSO31SBpL9588046.659733534	null	t	f	f
1466	719V0uXHVmL490802.6939290666	sellit-media/719V0uXHVmL490802.6939290666	null	t	f	f
1467	61jgdJ-MYUL3811553.224005002	sellit-media/61jgdJ-MYUL3811553.224005002	null	t	f	f
1468	61ICVSKmG5L2387907.4959364343	sellit-media/61ICVSKmG5L2387907.4959364343	null	t	f	f
1469	7102cNuEccL6721347.255872033	sellit-media/7102cNuEccL6721347.255872033	null	t	f	f
1470	61m2iChYwWL9477968.005125992	sellit-media/61m2iChYwWL9477968.005125992	null	t	f	f
1471	51AxWK248EL5544757.30232145	thsellit-media151AxWK248EL5544757.30232145	thll	t	f	f
1472	51e-A6F8uHS1989439.8172217032	sellit-media/51e-A6F8uHS1989439.8172217032	null	t	f	f
1473	61YxxE7s6xL750631.0849921283	sellit-media/61YxxE7s6xL750631.0849921283	null	t	f	f
1474	41tLPgZLJXL9921047.66554783	thsellit-media141tLPgZLJXL9921047.66554783	thll	t	f	f
1475	71iutapQ1bL3777634.6292159604	sellit-media/71iutapQ1bL3777634.6292159604	null	t	f	f
1476	710h78r8ZEL7871348.017365773	sellit-media/710h78r8ZEL7871348.017365773	null	t	f	f
1477	714egS4vZqL8182703.011589691	sellit-media/714egS4vZqL8182703.011589691	null	t	f	f
1478	61UCppCOneL3996301.5691341553	sellit-media/61UCppCOneL3996301.5691341553	null	t	f	f
1479	71hAYw++bnL6111358.237468796	sellit-media/71hAYw++bnL6111358.237468796	null	t	f	f
1480	61bWXLQZYkL8787741.900385393	sellit-media/61bWXLQZYkL8787741.900385393	null	t	f	f
1481	71w3gqXM-wL1124099.2156261508	sellit-media/71w3gqXM-wL1124099.2156261508	null	t	f	f
1482	61kVDjDyznL6345227.513073668	sellit-media/61kVDjDyznL6345227.513073668	null	t	f	f
1483	71KUnEChQYL252753.8912124383	sellit-media/71KUnEChQYL252753.8912124383	null	t	f	f
1484	71+2jStnDXL3800791.7991721607	sellit-media/71+2jStnDXL3800791.7991721607	null	t	f	f
1485	71CTfhFtphL6763640.156051753	sellit-media/71CTfhFtphL6763640.156051753	null	t	f	f
1486	71l3g488VVL5084887.220657843	sellit-media/71l3g488VVL5084887.220657843	null	t	f	f
1487	61kJnl2-mFL6080195.946715885	sellit-media/61kJnl2-mFL6080195.946715885	null	t	f	f
1488	71KwRajW1DL970918.7924833396	sellit-media/71KwRajW1DL970918.7924833396	null	t	f	f
1489	81NXYXVOBsL3751555.8811714845	sellit-media/81NXYXVOBsL3751555.8811714845	null	t	f	f
1490	41GM+FKwXpL2234487.563356955	sellit-media/41GM+FKwXpL2234487.563356955	null	t	f	f
1491	61J5Oz1CA9L9480118.204668168	sellit-media/61J5Oz1CA9L9480118.204668168	null	t	f	f
1492	71LBqYGzBrL3016624.1983687514	sellit-media/71LBqYGzBrL3016624.1983687514	null	t	f	f
1493	61eEMFP2HfL6445115.445183663	sellit-media/61eEMFP2HfL6445115.445183663	null	t	f	f
1494	81ya-I8k1tL1136644.7284305536	sellit-media/81ya-I8k1tL1136644.7284305536	null	t	f	f
1495	61LmV2Bq7CS1522918.7666742129	sellit-media/61LmV2Bq7CS1522918.7666742129	null	t	f	f
1496	41EqPxSRKhL9956334.516080065	sellit-media/41EqPxSRKhL9956334.516080065	null	t	f	f
1497	61Z9+l2VotL7927291.198043251	sellit-media/61Z9+l2VotL7927291.198043251	null	t	f	f
1498	41wW-0TVo1L5348750.077533448	sellit-media/41wW-0TVo1L5348750.077533448	null	t	f	f
1499	615YipeumnL1111630.6461584235	sellit-media/615YipeumnL1111630.6461584235	null	t	f	f
1500	61txXqoc67L9246248.700376565	sellit-media/61txXqoc67L9246248.700376565	null	t	f	f
1501	61p2N9v20+L6067645.728449278	sellit-media/61p2N9v20+L6067645.728449278	null	t	f	f
1502	71llqqSTrVL4516432.609725818	sellit-media/71llqqSTrVL4516432.609725818	null	t	f	f
1503	81NXYXVOBsL2775115.359904219	sellit-media/81NXYXVOBsL2775115.359904219	null	t	f	f
1504	71KwRajW1DL1915803.5093299919	sellit-media/71KwRajW1DL1915803.5093299919	null	t	f	f
1505	81hLE-j5RjL9398547.615367305	sellit-media/81hLE-j5RjL9398547.615367305	null	t	f	f
1506	71qPgS2SfXL8811111.270500606	sellit-media/71qPgS2SfXL8811111.270500606	null	t	f	f
1507	71BjTRukTTL4384422.818943421	sellit-media/71BjTRukTTL4384422.818943421	null	t	f	f
1508	612D8euFf6L1740876.3186834864	sellit-media/612D8euFf6L1740876.3186834864	null	t	f	f
1509	71XHPuLiHVL3164895.834469066	sellit-media/71XHPuLiHVL3164895.834469066	null	t	f	f
1510	81lCHvmMXNL2324683.9012908516	sellit-media/81lCHvmMXNL2324683.9012908516	null	t	f	f
1511	81vWq6mJVKL523992.3762155696	sellit-media/81vWq6mJVKL523992.3762155696	null	t	f	f
1512	613cCcxLcrL8676658.90472656	thsellit-media1613cCcxLcrL8676658.90472656	thll	t	f	f
1513	61gQGCAWwzL6545894.876939105	sellit-media/61gQGCAWwzL6545894.876939105	null	t	f	f
1514	71Wua1rRkEL7001577.356954394	sellit-media/71Wua1rRkEL7001577.356954394	null	t	f	f
1515	41-goVzRp5L982382.858677695	thsellit-media141-goVzRp5L982382.858677695	thll	t	f	f
1516	5162EFP6uoL6149490.992333002	sellit-media/5162EFP6uoL6149490.992333002	null	t	f	f
1517	31rhpHQXbcL812960.6502375731	sellit-media/31rhpHQXbcL812960.6502375731	null	t	f	f
1518	61cM96AWtnL502761.3195176839	sellit-media/61cM96AWtnL502761.3195176839	null	t	f	f
1519	71l+xUwaLGL6174027.5930447085	sellit-media/71l+xUwaLGL6174027.5930447085	null	t	f	f
1520	51dg3piXiyL206629.03994414172	sellit-media/51dg3piXiyL206629.03994414172	null	t	f	f
1521	51dg3piXiyL1987329.1669240922	sellit-media/51dg3piXiyL1987329.1669240922	null	t	f	f
1522	711MgPoMoUS6295926.40001545	thsellit-media1711MgPoMoUS6295926.40001545	thll	t	f	f
1523	710Q6tUttYS2310727.2881304785	sellit-media/710Q6tUttYS2310727.2881304785	null	t	f	f
1524	61jMvouBFTL3310350.862850597	sellit-media/61jMvouBFTL3310350.862850597	null	t	f	f
1525	51-B-laB-2L8948124.396311687	sellit-media/51-B-laB-2L8948124.396311687	null	t	f	f
1526	71Elz62-K2L8042889.111046909	sellit-media/71Elz62-K2L8042889.111046909	null	t	f	f
1527	71EkPXPybyL4794527.372741966	sellit-media/71EkPXPybyL4794527.372741966	null	t	f	f
1528	71EkPXPybyL6525264.413972829	sellit-media/71EkPXPybyL6525264.413972829	null	t	f	f
1529	617-A68DZaL5455195.763996075	sellit-media/617-A68DZaL5455195.763996075	null	t	f	f
1530	81EFbzAltVL953067.7317867209	sellit-media/81EFbzAltVL953067.7317867209	null	t	f	f
1531	81ChTbPNGHL7066253.217008324	sellit-media/81ChTbPNGHL7066253.217008324	null	t	f	f
1532	91Q3QLRCtDL9924626.777494859	sellit-media/91Q3QLRCtDL9924626.777494859	null	t	f	f
1533	61BxyOVxo8L6353119.082990031	sellit-media/61BxyOVxo8L6353119.082990031	null	t	f	f
1534	41zhzBAr2fL4875969.792869717	sellit-media/41zhzBAr2fL4875969.792869717	null	t	f	f
1535	61QISnaokkL1274597.9968406495	sellit-media/61QISnaokkL1274597.9968406495	null	t	f	f
1536	61xMVqEDG1L2765013.901496971	sellit-media/61xMVqEDG1L2765013.901496971	null	t	f	f
1537	51p4Z7CbU3L8875456.535792952	sellit-media/51p4Z7CbU3L8875456.535792952	null	t	f	f
1538	51-V9QkpIhL5708506.251686334	sellit-media/51-V9QkpIhL5708506.251686334	null	t	f	f
1539	51ckAgWjuUL8267394.683504945	sellit-media/51ckAgWjuUL8267394.683504945	null	t	f	f
1540	81+2lQEsB4L1484552.2905474917	sellit-media/81+2lQEsB4L1484552.2905474917	null	t	f	f
1541	51QXXNs5Z9S7772612.574529212	sellit-media/51QXXNs5Z9S7772612.574529212	null	t	f	f
1542	41rUE2ReupL437171.7961856159	sellit-media/41rUE2ReupL437171.7961856159	null	t	f	f
1543	410w6UzpWyL2926275.084167347	sellit-media/410w6UzpWyL2926275.084167347	null	t	f	f
1544	71oF0kIa1-L6526345.842945127	sellit-media/71oF0kIa1-L6526345.842945127	null	t	f	f
1545	61LFI6LVrdS4391395.467230388	sellit-media/61LFI6LVrdS4391395.467230388	null	t	f	f
1546	61cM96AWtnL8053784.869081444	sellit-media/61cM96AWtnL8053784.869081444	null	t	f	f
1547	81NXYXVOBsL7617033.655698211	sellit-media/81NXYXVOBsL7617033.655698211	null	t	f	f
1548	71l+xUwaLGL2045104.3410537718	sellit-media/71l+xUwaLGL2045104.3410537718	null	t	f	f
1549	71CUmyhYe2L4634709.609566696	sellit-media/71CUmyhYe2L4634709.609566696	null	t	f	f
1550	61zuO12F1PL5049711.66219337	thsellit-media161zuO12F1PL5049711.66219337	thll	t	f	f
1551	71evUMYBlcL2212029.524911181	sellit-media/71evUMYBlcL2212029.524911181	null	t	f	f
1552	71FWnuZNE3L852635.7680905816	sellit-media/71FWnuZNE3L852635.7680905816	null	t	f	f
1553	815hk3xZ8lL1449832.984597117	sellit-media/815hk3xZ8lL1449832.984597117	null	t	f	f
1554	71zUbHdzbmL1535363.3297755742	sellit-media/71zUbHdzbmL1535363.3297755742	null	t	f	f
1555	81yeMQBB5cL4941194.948184389	sellit-media/81yeMQBB5cL4941194.948184389	null	t	f	f
1556	616c0QxY0yL1974190.642091036	sellit-media/616c0QxY0yL1974190.642091036	null	t	f	f
1557	51QGGW5vv9L3709564.886046266	sellit-media/51QGGW5vv9L3709564.886046266	null	t	f	f
1558	A1xpLaLQigL9263233.283720795	sellit-media/A1xpLaLQigL9263233.283720795	null	t	f	f
1559	71qO6JZZQML7353846.071663191	sellit-media/71qO6JZZQML7353846.071663191	null	t	f	f
1560	71InbrShrrL1915883.0970315032	sellit-media/71InbrShrrL1915883.0970315032	null	t	f	f
1561	81Rh7ImOpYL6928936.348218091	sellit-media/81Rh7ImOpYL6928936.348218091	null	t	f	f
1562	51janadm4zL5796937.479085975	sellit-media/51janadm4zL5796937.479085975	null	t	f	f
1563	61kJnl2-mFL5940194.096751157	sellit-media/61kJnl2-mFL5940194.096751157	null	t	f	f
1564	81hLE-j5RjL2014386.298237454	sellit-media/81hLE-j5RjL2014386.298237454	null	t	f	f
1565	81mobFPzsvS5200287.976818596	sellit-media/81mobFPzsvS5200287.976818596	null	t	f	f
